Begin,End,Label,Type,Speaker
2.86,3.11,two,words,b
3.11,3.55,boys,words,b
3.55,3.85,play,words,b
3.85,4.01,in,words,b
4.01,4.06,a,words,b
4.06,4.47,puddle,words,b
2.86,2.99,tʰ,phones,b
2.99,3.11,ʉ,phones,b
3.11,3.22,b,phones,b
3.22,3.47,ɔj,phones,b
3.47,3.55,z,phones,b
3.55,3.7,p,phones,b
3.7,3.75,l,phones,b
3.75,3.85,ej,phones,b
3.85,3.94,ɪ,phones,b
3.94,4.01,n,phones,b
4.01,4.06,ə,phones,b
4.06,4.18,pʰ,phones,b
4.18,4.26,ɔ,phones,b
4.26,4.32,d,phones,b
4.32,4.37,ʊ,phones,b
4.37,4.47,ɫ,phones,b
