Begin,End,Label,Type,Speaker
0.92,1.12,two,words,b
1.12,1.42,boys,words,b
1.42,1.77,play,words,b
1.77,2.17,in,words,b
2.34,2.44,a,words,b
2.44,2.85,puddle,words,b
0.92,1.03,tʰ,phones,b
1.03,1.12,ʉ,phones,b
1.12,1.2,b,phones,b
1.2,1.34,ɔj,phones,b
1.34,1.42,z,phones,b
1.42,1.53,p,phones,b
1.53,1.59,l,phones,b
1.59,1.77,ej,phones,b
1.77,1.89,ʔ,phones,b
1.89,1.99,ɪ,phones,b
1.99,2.17,n,phones,b
2.34,2.44,ə,phones,b
2.44,2.58,pʰ,phones,b
2.58,2.62,ɔ,phones,b
2.62,2.7,d,phones,b
2.7,2.73,ʊ,phones,b
2.73,2.85,ɫ,phones,b
