Begin,End,Label,Type,Speaker
0.54,0.73,two,words,b
0.73,1.02,boys,words,b
1.02,1.33,play,words,b
1.33,1.51,in,words,b
1.51,1.59,a,words,b
1.59,2.15,puddle,words,b
0.54,0.65,tʰ,phones,b
0.65,0.73,ʉ,phones,b
0.73,0.81,b,phones,b
0.81,0.95,ɔj,phones,b
0.95,1.02,z,phones,b
1.02,1.17,p,phones,b
1.17,1.21,l,phones,b
1.21,1.33,ej,phones,b
1.33,1.43,ɪ,phones,b
1.43,1.51,n,phones,b
1.51,1.59,ə,phones,b
1.59,1.85,pʰ,phones,b
1.85,1.91,ɔ,phones,b
1.91,1.97,d,phones,b
1.97,2.03,ʊ,phones,b
2.03,2.15,ɫ,phones,b
