Begin,End,Label,Type,Speaker
1.01,1.21,two,words,b
1.21,1.54,boys,words,b
1.54,1.86,play,words,b
1.86,2.06,in,words,b
2.13,2.43,a,words,b
2.62,2.96,puddle,words,b
1.01,1.12,tʰ,phones,b
1.12,1.21,ʉ,phones,b
1.21,1.3,b,phones,b
1.3,1.46,ɔj,phones,b
1.46,1.54,z,phones,b
1.54,1.66,p,phones,b
1.66,1.71,l,phones,b
1.71,1.86,ej,phones,b
1.86,1.96,ɪ,phones,b
1.96,2.06,n,phones,b
2.13,2.43,ɑː,phones,b
2.62,2.71,pʰ,phones,b
2.71,2.77,ɔ,phones,b
2.77,2.83,d,phones,b
2.83,2.87,ʊ,phones,b
2.87,2.96,ɫ,phones,b
