Begin,End,Label,Type,Speaker
1.41,1.66,two,words,b
1.66,2.33,boys,words,b
2.48,2.71,play,words,b
2.71,2.8,in,words,b
2.8,2.84,a,words,b
2.84,3.2,puddle,words,b
1.41,1.54,tʰ,phones,b
1.54,1.66,ʉ,phones,b
1.66,1.78,b,phones,b
1.78,2.13,ɔj,phones,b
2.13,2.33,z,phones,b
2.48,2.55,p,phones,b
2.55,2.6,l,phones,b
2.6,2.71,ej,phones,b
2.71,2.75,ɪ,phones,b
2.75,2.8,n,phones,b
2.8,2.84,ə,phones,b
2.84,2.96,pʰ,phones,b
2.96,3.02,ɔ,phones,b
3.02,3.08,d,phones,b
3.08,3.12,ʊ,phones,b
3.12,3.2,ɫ,phones,b
