Begin,End,Label,Type,Speaker
1.39,1.59,two,words,b
1.59,1.9,boys,words,b
1.9,2.32,play,words,b
2.32,2.54,in,words,b
2.54,2.59,a,words,b
2.59,2.96,puddle,words,b
1.39,1.5,tʰ,phones,b
1.5,1.59,ʉ,phones,b
1.59,1.66,b,phones,b
1.66,1.81,ɔj,phones,b
1.81,1.9,z,phones,b
1.9,2.06,p,phones,b
2.06,2.11,l,phones,b
2.11,2.32,ej,phones,b
2.32,2.44,ʔ,phones,b
2.44,2.48,ɪ,phones,b
2.48,2.54,n,phones,b
2.54,2.59,ə,phones,b
2.59,2.71,pʰ,phones,b
2.71,2.77,ɔ,phones,b
2.77,2.84,d,phones,b
2.84,2.87,ʊ,phones,b
2.87,2.96,ɫ,phones,b
