Begin,End,Label,Type,Speaker
2.39,2.52,a,words,b
2.52,3.22,skier,words,b
3.44,3.93,pauses,words,b
3.93,4.15,on,words,b
4.15,4.19,a,words,b
4.19,5.12,mountaintop,words,b
2.39,2.52,ə,phones,b
2.52,2.77,s,phones,b
2.77,2.9,c,phones,b
2.9,3.09,iː,phones,b
3.09,3.22,ə,phones,b
3.44,3.54,pʰ,phones,b
3.54,3.7,ɒː,phones,b
3.7,3.82,z,phones,b
3.82,3.86,ɪ,phones,b
3.86,3.93,z,phones,b
3.93,4.09,ɑ,phones,b
4.09,4.15,n,phones,b
4.15,4.19,ə,phones,b
4.19,4.27,m,phones,b
4.27,4.38,aw,phones,b
4.38,4.44,n,phones,b
4.44,4.57,t,phones,b
4.57,4.61,ɪ,phones,b
4.61,4.7,n,phones,b
4.7,4.82,tʰ,phones,b
4.82,4.91,ɑ,phones,b
4.91,5.12,p,phones,b
