Begin,End,Label,Type,Speaker
2.12,2.23,a,words,b
2.23,2.65,skier,words,b
2.65,3.19,pauses,words,b
3.19,3.45,on,words,b
3.54,3.75,a,words,b
3.75,4.71,mountaintop,words,b
2.12,2.23,ə,phones,b
2.23,2.35,s,phones,b
2.35,2.44,c,phones,b
2.44,2.59,iː,phones,b
2.59,2.65,ə,phones,b
2.65,2.81,pʰ,phones,b
2.81,2.97,ɒː,phones,b
2.97,3.04,z,phones,b
3.04,3.12,ɪ,phones,b
3.12,3.19,z,phones,b
3.19,3.33,ɒ,phones,b
3.33,3.45,n,phones,b
3.54,3.75,ej,phones,b
3.75,3.85,m,phones,b
3.85,3.95,aw,phones,b
3.95,4.04,n,phones,b
4.04,4.15,t,phones,b
4.15,4.2,ɪ,phones,b
4.2,4.28,n,phones,b
4.28,4.41,tʰ,phones,b
4.41,4.47,ɑ,phones,b
4.47,4.71,p,phones,b
