Begin,End,Label,Type,Speaker
1.44,1.63,a,words,b
1.63,2.18,skier,words,b
2.18,2.69,pauses,words,b
2.69,2.89,on,words,b
2.89,2.93,a,words,b
2.93,3.91,mountaintop,words,b
1.44,1.63,a,phones,b
1.63,1.92,s,phones,b
1.92,1.99,c,phones,b
1.99,2.13,iː,phones,b
2.13,2.18,ə,phones,b
2.18,2.32,pʰ,phones,b
2.32,2.49,ɒː,phones,b
2.49,2.57,z,phones,b
2.57,2.62,ɪ,phones,b
2.62,2.69,z,phones,b
2.69,2.82,ɑ,phones,b
2.82,2.89,n,phones,b
2.89,2.93,ə,phones,b
2.93,3.01,m,phones,b
3.01,3.1,aw,phones,b
3.1,3.18,n,phones,b
3.18,3.3,t,phones,b
3.3,3.35,ɪ,phones,b
3.35,3.43,n,phones,b
3.43,3.56,tʰ,phones,b
3.56,3.66,ɑ,phones,b
3.66,3.91,p,phones,b
