Begin,End,Label,Type,Speaker
1.81,1.92,a,words,b
1.92,2.36,skier,words,b
2.36,3.19,pauses,words,b
3.41,3.6,on,words,b
3.6,3.64,a,words,b
3.64,4.38,mountaintop,words,b
1.81,1.92,ə,phones,b
1.92,2.06,s,phones,b
2.06,2.14,c,phones,b
2.14,2.3,iː,phones,b
2.3,2.36,ə,phones,b
2.36,2.6,pʰ,phones,b
2.6,2.84,ɒː,phones,b
2.84,2.95,z,phones,b
2.95,3.03,ɪ,phones,b
3.03,3.19,z,phones,b
3.41,3.53,ɑ,phones,b
3.53,3.6,n,phones,b
3.6,3.64,ə,phones,b
3.64,3.71,m,phones,b
3.71,3.82,aw,phones,b
3.82,3.88,n,phones,b
3.88,3.99,t,phones,b
3.99,4.04,ɪ,phones,b
4.04,4.12,n,phones,b
4.12,4.25,tʰ,phones,b
4.25,4.34,ɑ,phones,b
4.34,4.38,p,phones,b
