Begin,End,Label,Type,Speaker
0.53,0.62,a,words,b
0.62,1.01,skier,words,b
1.01,1.56,pauses,words,b
1.56,1.79,on,words,b
1.79,1.83,a,words,b
1.83,2.78,mountaintop,words,b
0.53,0.62,ə,phones,b
0.62,0.75,s,phones,b
0.75,0.83,c,phones,b
0.83,0.96,iː,phones,b
0.96,1.01,ə,phones,b
1.01,1.15,pʰ,phones,b
1.15,1.35,ɒː,phones,b
1.35,1.43,z,phones,b
1.43,1.49,ɪ,phones,b
1.49,1.56,z,phones,b
1.56,1.72,ɑ,phones,b
1.72,1.79,n,phones,b
1.79,1.83,ə,phones,b
1.83,1.91,m,phones,b
1.91,2.04,aw,phones,b
2.04,2.09,n,phones,b
2.09,2.2,t,phones,b
2.2,2.25,ɪ,phones,b
2.25,2.36,n,phones,b
2.36,2.48,tʰ,phones,b
2.48,2.57,ɑ,phones,b
2.57,2.78,p,phones,b
