Begin,End,Label,Type,Speaker
2.53,2.65,a,words,b
2.65,3.14,skier,words,b
3.14,3.78,pauses,words,b
3.9,4.26,on,words,b
4.43,4.52,a,words,b
4.52,5.36,mountaintop,words,b
2.53,2.65,ə,phones,b
2.65,2.81,s,phones,b
2.81,2.9,c,phones,b
2.9,3.07,iː,phones,b
3.07,3.14,ə,phones,b
3.14,3.33,pʰ,phones,b
3.33,3.51,ɒː,phones,b
3.51,3.6,z,phones,b
3.6,3.68,ɪ,phones,b
3.68,3.78,z,phones,b
3.9,4.08,ɑ,phones,b
4.08,4.26,n,phones,b
4.43,4.52,ə,phones,b
4.52,4.61,m,phones,b
4.61,4.69,aw,phones,b
4.69,4.78,n,phones,b
4.78,4.88,t,phones,b
4.88,4.92,ɪ,phones,b
4.92,5.0,n,phones,b
5.0,5.11,tʰ,phones,b
5.11,5.2,ɑ,phones,b
5.2,5.36,p,phones,b
