Begin,End,Label,Type,Speaker
0.23,0.29,a,words,i
0.29,0.62,dog,words,i
0.62,0.91,runs,words,i
0.91,1.16,through,words,i
1.16,1.59,the,words,i
1.62,2.05,snow,words,i
0.23,0.29,ə,phones,i
0.29,0.39,d,phones,i
0.39,0.53,ɒ,phones,i
0.53,0.62,ɡ,phones,i
0.62,0.67,ɹ,phones,i
0.67,0.73,ɐ,phones,i
0.73,0.79,n,phones,i
0.79,0.91,z,phones,i
0.91,0.98,θ,phones,i
0.98,1.1,ɹ,phones,i
1.1,1.16,ʉː,phones,i
1.16,1.34,ð,phones,i
1.34,1.59,ə,phones,i
1.62,1.85,s,phones,i
1.85,1.89,n,phones,i
1.89,2.05,ow,phones,i
