Begin,End,Label,Type,Speaker
0.23,0.4,a,words,i
0.4,0.68,dog,words,i
0.68,1.33,runs,words,i
1.39,1.57,through,words,i
1.57,1.69,the,words,i
1.69,1.94,snow,words,i
0.23,0.4,ə,phones,i
0.4,0.45,d,phones,i
0.45,0.59,ɒ,phones,i
0.59,0.68,ɡ,phones,i
0.68,0.85,ɹ,phones,i
0.85,1.0,ɔ,phones,i
1.0,1.15,n,phones,i
1.15,1.33,z,phones,i
1.39,1.48,θ,phones,i
1.48,1.52,ɹ,phones,i
1.52,1.57,ʉː,phones,i
1.57,1.64,ð,phones,i
1.64,1.69,ə,phones,i
1.69,1.85,s,phones,i
1.85,1.88,n,phones,i
1.88,1.94,ow,phones,i
