Begin,End,Label,Type,Speaker
0.32,0.39,a,words,i
0.39,0.78,dog,words,i
0.78,1.03,runs,words,i
1.03,1.26,through,words,i
1.26,1.52,the,words,i
1.52,2.21,snow,words,i
0.32,0.39,ə,phones,i
0.39,0.54,d,phones,i
0.54,0.68,ɒ,phones,i
0.68,0.78,ɡ,phones,i
0.78,0.81,ɹ,phones,i
0.81,0.85,ɐ,phones,i
0.85,0.93,n,phones,i
0.93,1.03,z,phones,i
1.03,1.14,θ,phones,i
1.14,1.2,ɹ,phones,i
1.2,1.26,ʉː,phones,i
1.26,1.38,ð,phones,i
1.38,1.52,ə,phones,i
1.52,1.84,s,phones,i
1.84,1.95,n,phones,i
1.95,2.21,ow,phones,i
