Begin,End,Label,Type,Speaker
0.38,0.69,a,words,i
0.69,1.0,dog,words,i
1.0,1.14,runs,words,i
1.14,1.31,through,words,i
1.31,1.41,the,words,i
1.41,1.69,snow,words,i
0.38,0.69,ej,phones,i
0.69,0.79,d,phones,i
0.79,0.9,ɒ,phones,i
0.9,1.0,ɡ,phones,i
1.0,1.04,ɹ,phones,i
1.04,1.07,ɐ,phones,i
1.07,1.11,n,phones,i
1.11,1.14,z,phones,i
1.14,1.23,θ,phones,i
1.23,1.27,ɹ,phones,i
1.27,1.31,ʉː,phones,i
1.31,1.36,ð,phones,i
1.36,1.41,ə,phones,i
1.41,1.51,s,phones,i
1.51,1.56,n,phones,i
1.56,1.69,ow,phones,i
