Begin,End,Label,Type,Speaker
0.32,0.43,a,words,i
0.43,0.98,dog,words,i
1.09,1.39,runs,words,i
1.39,1.51,through,words,i
1.51,1.64,the,words,i
1.64,1.96,snow,words,i
0.32,0.43,ə,phones,i
0.43,0.6,d,phones,i
0.6,0.87,ɒ,phones,i
0.87,0.98,ɡ,phones,i
1.09,1.18,ɹ,phones,i
1.18,1.23,ɐ,phones,i
1.23,1.31,n,phones,i
1.31,1.39,z,phones,i
1.39,1.44,θ,phones,i
1.44,1.48,ɹ,phones,i
1.48,1.51,ʉː,phones,i
1.51,1.6,ð,phones,i
1.6,1.64,ə,phones,i
1.64,1.79,s,phones,i
1.79,1.82,n,phones,i
1.82,1.96,ow,phones,i
