Begin,End,Label,Type,Speaker
0.45,0.55,a,words,i
0.55,0.88,dog,words,i
0.88,1.19,runs,words,i
1.19,1.42,through,words,i
1.42,1.53,the,words,i
1.53,1.88,snow,words,i
0.45,0.55,ə,phones,i
0.55,0.66,d,phones,i
0.66,0.8,ɒ,phones,i
0.8,0.88,ɡ,phones,i
0.88,0.95,ɹ,phones,i
0.95,1.0,ɐ,phones,i
1.0,1.08,n,phones,i
1.08,1.19,z,phones,i
1.19,1.28,θ,phones,i
1.28,1.35,ɹ,phones,i
1.35,1.42,ʉː,phones,i
1.42,1.48,ð,phones,i
1.48,1.53,ə,phones,i
1.53,1.67,s,phones,i
1.67,1.72,n,phones,i
1.72,1.88,ow,phones,i
