Begin,End,Label,Type,Speaker
0.38,0.43,a,words,i
0.43,0.75,dog,words,i
0.75,1.07,runs,words,i
1.07,1.7,through,words,i
1.76,1.84,the,words,i
1.84,2.19,snow,words,i
0.38,0.43,ə,phones,i
0.43,0.55,d,phones,i
0.55,0.68,ɒ,phones,i
0.68,0.75,ɡ,phones,i
0.75,0.82,ɹ,phones,i
0.82,0.87,ɐ,phones,i
0.87,0.95,n,phones,i
0.95,1.07,z,phones,i
1.07,1.24,θ,phones,i
1.24,1.5,ɹ,phones,i
1.5,1.7,ʉː,phones,i
1.76,1.8,ð,phones,i
1.8,1.84,ə,phones,i
1.84,1.97,s,phones,i
1.97,2.03,n,phones,i
2.03,2.19,ow,phones,i
