Begin,End,Label,Type,Speaker
0.22,0.42,two,words,i
0.42,0.73,dogs,words,i
0.73,1.05,wrestle,words,i
1.05,1.32,in,words,i
1.46,1.81,a,words,i
1.81,4.74,field,words,i
0.22,0.32,tʰ,phones,i
0.32,0.42,ʉ,phones,i
0.42,0.49,d,phones,i
0.49,0.62,ɒ,phones,i
0.62,0.68,ɡ,phones,i
0.68,0.73,z,phones,i
0.73,0.78,ɹ,phones,i
0.78,0.84,ɛ,phones,i
0.84,0.94,s,phones,i
0.94,1.05,ɫ̩,phones,i
1.05,1.19,ɪ,phones,i
1.19,1.32,n,phones,i
1.46,1.81,ej,phones,i
1.81,1.98,fʲ,phones,i
1.98,2.1,iː,phones,i
2.1,2.19,ɫ,phones,i
2.19,4.74,d,phones,i
