Begin,End,Label,Type,Speaker
0.43,0.63,two,words,i
0.63,1.06,dogs,words,i
1.06,1.63,wrestle,words,i
1.84,1.96,in,words,i
1.96,2.0,a,words,i
2.0,4.56,field,words,i
0.43,0.52,tʰ,phones,i
0.52,0.63,ʉ,phones,i
0.63,0.72,d,phones,i
0.72,0.86,ɒ,phones,i
0.86,0.94,ɡ,phones,i
0.94,1.06,z,phones,i
1.06,1.21,ɹ,phones,i
1.21,1.32,ɛ,phones,i
1.32,1.47,s,phones,i
1.47,1.63,ɫ̩,phones,i
1.84,1.91,ɪ,phones,i
1.91,1.96,n,phones,i
1.96,2.0,ə,phones,i
2.0,2.11,fʲ,phones,i
2.11,2.2,iː,phones,i
2.2,2.23,ɫ,phones,i
2.23,4.56,d,phones,i
