Begin,End,Label,Type,Speaker
0.31,0.51,two,words,i
0.51,0.82,dogs,words,i
0.82,1.13,wrestle,words,i
1.13,1.25,in,words,i
1.25,1.32,a,words,i
1.32,4.2,field,words,i
0.31,0.4,tʰ,phones,i
0.4,0.51,ʉ,phones,i
0.51,0.58,d,phones,i
0.58,0.7,ɒ,phones,i
0.7,0.75,ɡ,phones,i
0.75,0.82,z,phones,i
0.82,0.87,ɹ,phones,i
0.87,0.93,ɛ,phones,i
0.93,1.02,s,phones,i
1.02,1.06,ʊ,phones,i
1.06,1.13,ɫ,phones,i
1.13,1.19,ɪ,phones,i
1.19,1.25,n,phones,i
1.25,1.32,ə,phones,i
1.32,1.56,fʲ,phones,i
1.56,1.77,iː,phones,i
1.77,1.86,ɫ,phones,i
1.86,4.2,d,phones,i
