Begin,End,Label,Type,Speaker
0.28,0.71,two,words,i
0.9,1.21,dogs,words,i
1.21,1.5,wrestle,words,i
1.5,1.59,in,words,i
1.59,1.62,a,words,i
1.62,3.84,field,words,i
0.28,0.41,tʰ,phones,i
0.41,0.71,ʉ,phones,i
0.9,0.95,d,phones,i
0.95,1.08,ɒ,phones,i
1.08,1.15,ɡ,phones,i
1.15,1.21,z,phones,i
1.21,1.25,ɹ,phones,i
1.25,1.31,ɛ,phones,i
1.31,1.42,s,phones,i
1.42,1.47,ʊ,phones,i
1.47,1.5,ɫ,phones,i
1.5,1.54,ɪ,phones,i
1.54,1.59,n,phones,i
1.59,1.62,ə,phones,i
1.62,1.72,fʲ,phones,i
1.72,1.81,iː,phones,i
1.81,1.88,ɫ,phones,i
1.88,3.84,d,phones,i
