Begin,End,Label,Type,Speaker
0.41,0.67,two,words,i
0.67,1.36,dogs,words,i
1.53,1.86,wrestle,words,i
1.86,1.94,in,words,i
1.94,1.97,a,words,i
1.97,4.26,field,words,i
0.41,0.52,tʰ,phones,i
0.52,0.67,ʉ,phones,i
0.67,0.86,d,phones,i
0.86,1.1,ɒ,phones,i
1.1,1.22,ɡ,phones,i
1.22,1.36,z,phones,i
1.53,1.6,ɹ,phones,i
1.6,1.66,ɛ,phones,i
1.66,1.78,s,phones,i
1.78,1.86,ɫ̩,phones,i
1.86,1.9,ɪ,phones,i
1.9,1.94,n,phones,i
1.94,1.97,ə,phones,i
1.97,2.06,fʲ,phones,i
2.06,2.16,iː,phones,i
2.16,2.22,ɫ,phones,i
2.22,4.26,d,phones,i
