Begin,End,Label,Type,Speaker
0.4,0.61,two,words,i
0.61,0.96,dogs,words,i
0.96,1.26,wrestle,words,i
1.26,1.34,in,words,i
1.34,1.37,a,words,i
1.37,3.6,field,words,i
0.4,0.49,tʰ,phones,i
0.49,0.61,ʉ,phones,i
0.61,0.69,d,phones,i
0.69,0.82,ɒ,phones,i
0.82,0.89,ɡ,phones,i
0.89,0.96,z,phones,i
0.96,1.01,ɹ,phones,i
1.01,1.07,ɛ,phones,i
1.07,1.16,s,phones,i
1.16,1.26,ɫ̩,phones,i
1.26,1.29,ɪ,phones,i
1.29,1.34,n,phones,i
1.34,1.37,ə,phones,i
1.37,1.47,fʲ,phones,i
1.47,1.56,iː,phones,i
1.56,1.59,ɫ,phones,i
1.59,3.6,d,phones,i
