Begin,End,Label,Type,Speaker
0.24,0.45,two,words,i
0.45,0.76,dogs,words,i
0.76,1.1,wrestle,words,i
1.1,1.53,in,words,i
1.67,1.79,a,words,i
1.79,4.32,field,words,i
0.24,0.33,tʰ,phones,i
0.33,0.45,ʉ,phones,i
0.45,0.52,d,phones,i
0.52,0.65,ɒ,phones,i
0.65,0.7,ɡ,phones,i
0.7,0.76,z,phones,i
0.76,0.83,ɹ,phones,i
0.83,0.89,ɛ,phones,i
0.89,1.0,s,phones,i
1.0,1.06,ʊ,phones,i
1.06,1.1,ɫ,phones,i
1.1,1.19,ʔ,phones,i
1.19,1.38,ɪ,phones,i
1.38,1.53,n,phones,i
1.67,1.79,ə,phones,i
1.79,1.92,fʲ,phones,i
1.92,2.02,iː,phones,i
2.02,2.08,ɫ,phones,i
2.08,4.32,d,phones,i
