Begin,End,Label,Type,Speaker
0.38,0.5,a,words,i
0.5,0.79,man,words,i
0.79,0.92,in,words,i
0.92,1.24,yellow,words,i
1.24,1.84,grimaces,words,i
0.38,0.5,ə,phones,i
0.5,0.6,m,phones,i
0.6,0.74,æ,phones,i
0.74,0.79,n,phones,i
0.79,0.84,ɪ,phones,i
0.84,0.92,n,phones,i
0.92,0.97,j,phones,i
0.97,1.05,ɛ,phones,i
1.05,1.13,l,phones,i
1.13,1.24,ow,phones,i
1.24,1.31,c,phones,i
1.31,1.36,ɹ,phones,i
1.36,1.39,ɪ,phones,i
1.39,1.42,m,phones,i
1.42,1.46,ej,phones,i
1.46,1.58,s,phones,i
1.58,1.66,ɪ,phones,i
1.66,1.84,z,phones,i
