Begin,End,Label,Type,Speaker
0.22,0.35,a,words,i
0.35,0.68,man,words,i
0.68,0.9,in,words,i
0.9,1.46,yellow,words,i
1.76,2.39,grimaces,words,i
0.22,0.35,ə,phones,i
0.35,0.47,m,phones,i
0.47,0.61,æ,phones,i
0.61,0.68,n,phones,i
0.68,0.79,ɪ,phones,i
0.79,0.9,n,phones,i
0.9,1.05,j,phones,i
1.05,1.18,ɛ,phones,i
1.18,1.3,l,phones,i
1.3,1.46,ow,phones,i
1.76,1.79,c,phones,i
1.79,1.84,ɹ,phones,i
1.84,1.89,ɪ,phones,i
1.89,1.96,m,phones,i
1.96,1.99,ej,phones,i
1.99,2.12,s,phones,i
2.12,2.21,ɪ,phones,i
2.21,2.39,z,phones,i
