Begin,End,Label,Type,Speaker
0.42,0.57,a,words,i
0.57,0.9,man,words,i
0.9,1.35,in,words,i
1.56,1.82,yellow,words,i
1.82,2.39,grimaces,words,i
0.42,0.57,ə,phones,i
0.57,0.66,m,phones,i
0.66,0.81,æ,phones,i
0.81,0.9,n,phones,i
0.9,1.03,ʔ,phones,i
1.03,1.19,ɪ,phones,i
1.19,1.35,n,phones,i
1.56,1.64,j,phones,i
1.64,1.71,ɛ,phones,i
1.71,1.76,l,phones,i
1.76,1.82,əw,phones,i
1.82,1.89,c,phones,i
1.89,1.93,ɹ,phones,i
1.93,1.97,ɪ,phones,i
1.97,2.02,m,phones,i
2.02,2.05,ej,phones,i
2.05,2.16,s,phones,i
2.16,2.23,ɪ,phones,i
2.23,2.39,z,phones,i
