Begin,End,Label,Type,Speaker
0.29,0.71,a,words,i
0.74,1.0,man,words,i
1.0,1.12,in,words,i
1.12,1.34,yellow,words,i
1.34,1.89,grimaces,words,i
0.29,0.71,ej,phones,i
0.74,0.84,m,phones,i
0.84,0.95,æ,phones,i
0.95,1.0,n,phones,i
1.0,1.06,ɪ,phones,i
1.06,1.12,n,phones,i
1.12,1.16,j,phones,i
1.16,1.22,ɛ,phones,i
1.22,1.27,l,phones,i
1.27,1.34,əw,phones,i
1.34,1.4,c,phones,i
1.4,1.44,ɹ,phones,i
1.44,1.48,ɪ,phones,i
1.48,1.53,m,phones,i
1.53,1.56,ej,phones,i
1.56,1.66,s,phones,i
1.66,1.73,ɪ,phones,i
1.73,1.89,z,phones,i
