Begin,End,Label,Type,Speaker
0.55,0.69,a,words,i
0.69,1.24,man,words,i
1.39,1.57,in,words,i
1.57,1.82,yellow,words,i
1.82,2.37,grimaces,words,i
0.55,0.69,ə,phones,i
0.69,0.86,m,phones,i
0.86,1.13,æ,phones,i
1.13,1.24,n,phones,i
1.39,1.5,ɪ,phones,i
1.5,1.57,n,phones,i
1.57,1.64,j,phones,i
1.64,1.69,ɛ,phones,i
1.69,1.75,l,phones,i
1.75,1.82,ow,phones,i
1.82,1.88,c,phones,i
1.88,1.93,ɹ,phones,i
1.93,1.97,ɪ,phones,i
1.97,2.01,m,phones,i
2.01,2.04,ej,phones,i
2.04,2.14,s,phones,i
2.14,2.23,ɪ,phones,i
2.23,2.37,z,phones,i
