Begin,End,Label,Type,Speaker
0.28,0.45,a,words,i
0.45,0.69,dog,words,i
0.72,1.27,runs,words,i
1.27,1.45,in,words,i
1.45,1.49,a,words,i
1.49,4.08,field,words,i
0.28,0.45,ə,phones,i
0.45,0.49,d,phones,i
0.49,0.62,ɒ,phones,i
0.62,0.69,ɡ,phones,i
0.72,0.87,ɹ,phones,i
0.87,0.98,ɐ,phones,i
0.98,1.11,n,phones,i
1.11,1.27,z,phones,i
1.27,1.36,ʔ,phones,i
1.36,1.39,ɪ,phones,i
1.39,1.45,n,phones,i
1.45,1.49,ə,phones,i
1.49,1.61,fʲ,phones,i
1.61,1.69,iː,phones,i
1.69,1.73,ɫ,phones,i
1.73,4.08,d,phones,i
