Begin,End,Label,Type,Speaker
0.42,0.58,a,words,i
0.58,0.86,dog,words,i
0.86,1.16,runs,words,i
1.16,1.52,in,words,i
1.65,1.75,a,words,i
1.75,4.56,field,words,i
0.42,0.58,ə,phones,i
0.58,0.62,d,phones,i
0.62,0.76,ɒ,phones,i
0.76,0.86,ɡ,phones,i
0.86,0.93,ɹ,phones,i
0.93,0.99,ɐ,phones,i
0.99,1.07,n,phones,i
1.07,1.16,z,phones,i
1.16,1.24,ʔ,phones,i
1.24,1.4,ɪ,phones,i
1.4,1.52,n,phones,i
1.65,1.75,ə,phones,i
1.75,1.87,fʲ,phones,i
1.87,1.96,iː,phones,i
1.96,1.99,ɫ,phones,i
1.99,4.56,d,phones,i
