Begin,End,Label,Type,Speaker
0.28,0.36,a,words,i
0.36,0.73,dog,words,i
0.73,0.97,runs,words,i
0.97,1.06,in,words,i
1.06,1.12,a,words,i
1.12,3.66,field,words,i
0.28,0.36,ə,phones,i
0.36,0.48,d,phones,i
0.48,0.61,ɒ,phones,i
0.61,0.73,ɡ,phones,i
0.73,0.77,ɹ,phones,i
0.77,0.83,ɐ,phones,i
0.83,0.91,n,phones,i
0.91,0.97,z,phones,i
0.97,1.01,ɪ,phones,i
1.01,1.06,n,phones,i
1.06,1.12,ə,phones,i
1.12,1.24,fʲ,phones,i
1.24,1.32,iː,phones,i
1.32,1.38,ɫ,phones,i
1.38,3.66,d,phones,i
