Begin,End,Label,Type,Speaker
0.17,0.31,a,words,i
0.31,0.85,dog,words,i
1.04,1.33,runs,words,i
1.33,1.42,in,words,i
1.42,1.46,a,words,i
1.46,4.08,field,words,i
0.17,0.31,ə,phones,i
0.31,0.48,d,phones,i
0.48,0.72,ɒ,phones,i
0.72,0.85,ɡ,phones,i
1.04,1.11,ɹ,phones,i
1.11,1.16,ɐ,phones,i
1.16,1.26,n,phones,i
1.26,1.33,z,phones,i
1.33,1.39,ɪ,phones,i
1.39,1.42,n,phones,i
1.42,1.46,ə,phones,i
1.46,1.57,fʲ,phones,i
1.57,1.65,iː,phones,i
1.65,1.68,ɫ,phones,i
1.68,4.08,d,phones,i
