Begin,End,Label,Type,Speaker
0.42,0.61,a,words,i
0.61,0.88,dog,words,i
0.88,1.19,runs,words,i
1.19,1.37,in,words,i
1.37,1.73,a,words,i
1.73,4.5,field,words,i
0.42,0.61,ə,phones,i
0.61,0.66,d,phones,i
0.66,0.8,ɒ,phones,i
0.8,0.88,ɡ,phones,i
0.88,0.95,ɹ,phones,i
0.95,1.02,ɐ,phones,i
1.02,1.09,n,phones,i
1.09,1.19,z,phones,i
1.19,1.3,ɪ,phones,i
1.3,1.37,n,phones,i
1.37,1.73,ej,phones,i
1.73,1.88,fʲ,phones,i
1.88,1.99,iː,phones,i
1.99,2.03,ɫ,phones,i
2.03,4.5,d,phones,i
