Begin,End,Label,Type,Speaker
0.18,0.6,a,words,i
0.73,0.96,dog,words,i
0.96,1.17,runs,words,i
1.17,1.25,in,words,i
1.25,1.3,a,words,i
1.3,3.78,field,words,i
0.18,0.6,ej,phones,i
0.73,0.78,d,phones,i
0.78,0.88,ɒ,phones,i
0.88,0.96,ɡ,phones,i
0.96,1.01,ɹ,phones,i
1.01,1.05,ɐ,phones,i
1.05,1.12,n,phones,i
1.12,1.17,z,phones,i
1.17,1.21,ɪ,phones,i
1.21,1.25,n,phones,i
1.25,1.3,ə,phones,i
1.3,1.41,fʲ,phones,i
1.41,1.49,iː,phones,i
1.49,1.58,ɫ,phones,i
1.58,3.78,d,phones,i
