Begin,End,Label,Type,Speaker
0.33,0.52,two,words,i
0.52,0.95,children,words,i
0.95,1.13,run,words,i
1.13,1.84,towards,words,i
1.97,2.11,the,words,i
2.11,4.68,lagoon,words,i
0.33,0.43,tʰ,phones,i
0.43,0.52,ʉ,phones,i
0.52,0.61,tʃ,phones,i
0.61,0.64,ɪ,phones,i
0.64,0.71,ɫ,phones,i
0.71,0.8,d,phones,i
0.8,0.84,ɹ,phones,i
0.84,0.95,n̩,phones,i
0.95,1.0,ɹ,phones,i
1.0,1.05,ɐ,phones,i
1.05,1.13,n,phones,i
1.13,1.23,tʰ,phones,i
1.23,1.26,ʊ,phones,i
1.26,1.45,w,phones,i
1.45,1.55,ɒ,phones,i
1.55,1.66,ɹ,phones,i
1.66,1.74,d,phones,i
1.74,1.84,z,phones,i
1.97,2.01,ð,phones,i
2.01,2.11,ə,phones,i
2.11,2.18,l,phones,i
2.18,2.24,ə,phones,i
2.24,2.3,ɡ,phones,i
2.3,2.33,ʉː,phones,i
2.33,4.68,n,phones,i
