Begin,End,Label,Type,Speaker
0.29,0.54,two,words,i
0.54,1.03,children,words,i
1.03,1.24,run,words,i
1.24,1.69,towards,words,i
1.69,1.79,the,words,i
1.79,4.5,lagoon,words,i
0.29,0.41,tʰ,phones,i
0.41,0.54,ʉ,phones,i
0.54,0.64,tʃ,phones,i
0.64,0.67,ɪ,phones,i
0.67,0.76,ɫ,phones,i
0.76,0.82,d,phones,i
0.82,0.92,ɹ,phones,i
0.92,1.03,n̩,phones,i
1.03,1.09,ɹ,phones,i
1.09,1.14,ɐ,phones,i
1.14,1.24,n,phones,i
1.24,1.29,tʰ,phones,i
1.29,1.33,ʊ,phones,i
1.33,1.43,w,phones,i
1.43,1.46,ɒ,phones,i
1.46,1.55,ɹ,phones,i
1.55,1.6,d,phones,i
1.6,1.69,z,phones,i
1.69,1.74,ð,phones,i
1.74,1.79,ə,phones,i
1.79,1.91,l,phones,i
1.91,1.94,ə,phones,i
1.94,2.03,ɡ,phones,i
2.03,2.07,ʉː,phones,i
2.07,4.5,n,phones,i
