Begin,End,Label,Type,Speaker
0.25,0.46,two,words,i
0.46,0.81,children,words,i
0.81,1.03,run,words,i
1.03,1.54,towards,words,i
1.54,1.65,the,words,i
1.65,5.1,lagoon,words,i
0.25,0.35,tʰ,phones,i
0.35,0.46,ʉ,phones,i
0.46,0.56,tʃ,phones,i
0.56,0.59,ɪ,phones,i
0.59,0.64,ɫ,phones,i
0.64,0.69,d,phones,i
0.69,0.77,ɹ,phones,i
0.77,0.81,n̩,phones,i
0.81,0.88,ɹ,phones,i
0.88,0.94,ɐ,phones,i
0.94,1.03,n,phones,i
1.03,1.14,tʰ,phones,i
1.14,1.17,ʊ,phones,i
1.17,1.24,w,phones,i
1.24,1.28,ɒ,phones,i
1.28,1.35,ɹ,phones,i
1.35,1.39,d,phones,i
1.39,1.54,z,phones,i
1.54,1.58,ð,phones,i
1.58,1.65,ə,phones,i
1.65,1.81,l,phones,i
1.81,1.88,ə,phones,i
1.88,2.09,ɡ,phones,i
2.09,2.38,ʉː,phones,i
2.38,5.1,n,phones,i
