Begin,End,Label,Type,Speaker
0.44,0.67,two,words,i
0.67,1.18,children,words,i
1.18,1.54,run,words,i
1.83,2.26,towards,words,i
2.26,2.34,the,words,i
2.34,5.1,lagoon,words,i
0.44,0.54,tʰ,phones,i
0.54,0.67,ʉ,phones,i
0.67,0.77,tʃ,phones,i
0.77,0.8,ɪ,phones,i
0.8,0.88,ɫ,phones,i
0.88,0.96,d,phones,i
0.96,1.02,ɹ,phones,i
1.02,1.18,n̩,phones,i
1.18,1.26,ɹ,phones,i
1.26,1.4,ɐ,phones,i
1.4,1.54,n,phones,i
1.83,1.9,tʰ,phones,i
1.9,1.95,ʊ,phones,i
1.95,2.01,w,phones,i
2.01,2.06,ɒ,phones,i
2.06,2.13,ɹ,phones,i
2.13,2.18,d,phones,i
2.18,2.26,z,phones,i
2.26,2.29,ð,phones,i
2.29,2.34,ə,phones,i
2.34,2.46,l,phones,i
2.46,2.5,ə,phones,i
2.5,2.59,ɡ,phones,i
2.59,2.64,ʉː,phones,i
2.64,5.1,n,phones,i
