Begin,End,Label,Type,Speaker
0.23,0.43,two,words,i
0.43,0.8,children,words,i
0.8,1.0,run,words,i
1.0,1.58,towards,words,i
1.58,1.89,the,words,i
1.97,4.8,lagoon,words,i
0.23,0.32,tʰ,phones,i
0.32,0.43,ʉ,phones,i
0.43,0.51,tʃ,phones,i
0.51,0.54,ɪ,phones,i
0.54,0.6,ɫ,phones,i
0.6,0.65,d,phones,i
0.65,0.69,ɹ,phones,i
0.69,0.8,n̩,phones,i
0.8,0.85,ɹ,phones,i
0.85,0.91,ɐ,phones,i
0.91,1.0,n,phones,i
1.0,1.07,tʰ,phones,i
1.07,1.11,ʊ,phones,i
1.11,1.18,w,phones,i
1.18,1.22,ɒ,phones,i
1.22,1.3,ɹ,phones,i
1.3,1.35,d,phones,i
1.35,1.58,z,phones,i
1.58,1.64,ð,phones,i
1.64,1.89,ə,phones,i
1.97,2.08,l,phones,i
2.08,2.13,ə,phones,i
2.13,2.23,ɡ,phones,i
2.23,2.33,ʉː,phones,i
2.33,4.8,n,phones,i
