Begin,End,Label,Type,Speaker
0.27,0.52,two,words,i
0.52,1.14,children,words,i
1.3,1.5,run,words,i
1.5,1.88,towards,words,i
1.88,1.95,the,words,i
1.95,4.74,lagoon,words,i
0.27,0.38,tʰ,phones,i
0.38,0.52,ʉ,phones,i
0.52,0.72,tʃ,phones,i
0.72,0.76,ɪ,phones,i
0.76,0.88,ɫ,phones,i
0.88,0.96,d,phones,i
0.96,1.02,ɹ,phones,i
1.02,1.14,n̩,phones,i
1.3,1.38,ɹ,phones,i
1.38,1.43,ɐ,phones,i
1.43,1.5,n,phones,i
1.5,1.6,tʰ,phones,i
1.6,1.63,ʊ,phones,i
1.63,1.68,w,phones,i
1.68,1.71,ɒ,phones,i
1.71,1.78,ɹ,phones,i
1.78,1.83,d,phones,i
1.83,1.88,z,phones,i
1.88,1.95,ə,phones,i
1.95,2.05,l,phones,i
2.05,2.08,ə,phones,i
2.08,2.16,ɡ,phones,i
2.16,2.23,ʉː,phones,i
2.23,4.74,n,phones,i
