Begin,End,Label,Type,Speaker
0.47,0.93,two,words,i
1.07,1.43,children,words,i
1.43,1.62,run,words,i
1.62,1.96,towards,words,i
1.96,2.04,the,words,i
2.04,4.68,lagoon,words,i
0.47,0.6,tʰ,phones,i
0.6,0.93,ʉ,phones,i
1.07,1.14,tʃ,phones,i
1.14,1.17,ɪ,phones,i
1.17,1.24,ɫ,phones,i
1.24,1.3,d,phones,i
1.3,1.37,ɹ,phones,i
1.37,1.43,n̩,phones,i
1.43,1.48,ɹ,phones,i
1.48,1.52,ɐ,phones,i
1.52,1.62,n,phones,i
1.62,1.72,tʰ,phones,i
1.72,1.8,ɒ,phones,i
1.8,1.87,ɹ,phones,i
1.87,1.92,d,phones,i
1.92,1.96,z,phones,i
1.96,2.04,ə,phones,i
2.04,2.15,l,phones,i
2.15,2.19,ə,phones,i
2.19,2.26,ɡ,phones,i
2.26,2.35,ʉː,phones,i
2.35,4.68,n,phones,i
