Begin,End,Label,Type,Speaker
0.23,0.39,the,words,i
0.39,0.65,dog,words,i
0.65,1.01,runs,words,i
1.01,1.42,through,words,i
1.42,1.59,the,words,i
1.59,4.2,water,words,i
0.23,0.28,ð,phones,i
0.28,0.39,ə,phones,i
0.39,0.43,d,phones,i
0.43,0.56,ɒ,phones,i
0.56,0.65,ɡ,phones,i
0.65,0.71,ɹ,phones,i
0.71,0.76,ɐ,phones,i
0.76,0.84,n,phones,i
0.84,1.01,z,phones,i
1.01,1.05,θ,phones,i
1.05,1.24,ɹ,phones,i
1.24,1.42,ʉː,phones,i
1.42,1.52,ð,phones,i
1.52,1.59,ə,phones,i
1.59,1.71,w,phones,i
1.71,1.76,ɒː,phones,i
1.76,1.88,t,phones,i
1.88,4.2,ə,phones,i
