Begin,End,Label,Type,Speaker
0.25,0.52,the,words,i
0.52,0.94,dog,words,i
1.17,1.41,runs,words,i
1.41,1.57,through,words,i
1.57,1.7,the,words,i
1.7,4.08,water,words,i
0.25,0.36,ð,phones,i
0.36,0.52,ə,phones,i
0.52,0.62,d,phones,i
0.62,0.8,ɒ,phones,i
0.8,0.94,ɡ,phones,i
1.17,1.24,ɹ,phones,i
1.24,1.29,ɐ,phones,i
1.29,1.37,n,phones,i
1.37,1.41,z,phones,i
1.41,1.51,θ,phones,i
1.51,1.54,ɹ,phones,i
1.54,1.57,ʉː,phones,i
1.57,1.63,ð,phones,i
1.63,1.7,ə,phones,i
1.7,1.76,w,phones,i
1.76,1.84,ɒː,phones,i
1.84,1.94,t,phones,i
1.94,4.08,ə,phones,i
