Begin,End,Label,Type,Speaker
0.44,0.61,the,words,i
0.61,0.86,dog,words,i
0.89,1.49,runs,words,i
1.6,1.79,through,words,i
1.79,1.88,the,words,i
1.88,4.56,water,words,i
0.44,0.5,ð,phones,i
0.5,0.61,ə,phones,i
0.61,0.65,d,phones,i
0.65,0.79,ɒ,phones,i
0.79,0.86,ɡ,phones,i
0.89,1.04,ɹ,phones,i
1.04,1.16,ɔ,phones,i
1.16,1.29,n,phones,i
1.29,1.49,z,phones,i
1.6,1.67,θ,phones,i
1.67,1.73,ɹ,phones,i
1.73,1.79,ʉː,phones,i
1.79,1.83,ð,phones,i
1.83,1.88,ə,phones,i
1.88,1.95,w,phones,i
1.95,2.04,ɒː,phones,i
2.04,2.16,t,phones,i
2.16,4.56,ə,phones,i
