Begin,End,Label,Type,Speaker
0.69,0.87,the,words,i
0.87,1.14,dog,words,i
1.14,1.43,runs,words,i
1.43,1.59,through,words,i
1.59,1.74,the,words,i
1.74,4.2,water,words,i
0.69,0.73,ð,phones,i
0.73,0.87,ə,phones,i
0.87,0.91,d,phones,i
0.91,1.08,ɒ,phones,i
1.08,1.14,ɡ,phones,i
1.14,1.23,ɹ,phones,i
1.23,1.27,ɐ,phones,i
1.27,1.34,n,phones,i
1.34,1.43,z,phones,i
1.43,1.49,θ,phones,i
1.49,1.54,ɹ,phones,i
1.54,1.59,ʉː,phones,i
1.59,1.66,ð,phones,i
1.66,1.74,ə,phones,i
1.74,1.8,w,phones,i
1.8,1.91,ɒː,phones,i
1.91,2.0,t,phones,i
2.0,4.2,ə,phones,i
