Begin,End,Label,Type,Speaker
0.5,0.68,the,words,i
0.68,0.97,dog,words,i
0.97,1.19,runs,words,i
1.19,1.32,through,words,i
1.32,1.44,the,words,i
1.44,3.84,water,words,i
0.5,0.55,ð,phones,i
0.55,0.68,ə,phones,i
0.68,0.72,d,phones,i
0.72,0.87,ɒ,phones,i
0.87,0.97,ɡ,phones,i
0.97,1.0,ɹ,phones,i
1.0,1.04,ɐ,phones,i
1.04,1.1,n,phones,i
1.1,1.19,z,phones,i
1.19,1.24,θ,phones,i
1.24,1.27,ɹ,phones,i
1.27,1.32,ʉː,phones,i
1.32,1.38,ð,phones,i
1.38,1.44,ə,phones,i
1.44,1.51,w,phones,i
1.51,1.59,ɒː,phones,i
1.59,1.71,t,phones,i
1.71,3.84,ə,phones,i
