Begin,End,Label,Type,Speaker
0.21,0.41,the,words,i
0.41,0.7,dog,words,i
0.7,0.98,runs,words,i
0.98,1.36,through,words,i
1.45,1.76,the,words,i
1.76,4.56,water,words,i
0.21,0.26,ð,phones,i
0.26,0.41,ə,phones,i
0.41,0.45,d,phones,i
0.45,0.6,ɒ,phones,i
0.6,0.7,ɡ,phones,i
0.7,0.74,ɹ,phones,i
0.74,0.82,ɐ,phones,i
0.82,0.88,n,phones,i
0.88,0.98,z,phones,i
0.98,1.05,θ,phones,i
1.05,1.18,ɹ,phones,i
1.18,1.36,ʉː,phones,i
1.45,1.52,l,phones,i
1.52,1.76,ə,phones,i
1.76,1.89,w,phones,i
1.89,1.96,ɒː,phones,i
1.96,2.1,t,phones,i
2.1,4.56,ə,phones,i
