Begin,End,Label,Type,Speaker
0.17,0.43,man,words,i
0.43,0.86,brushes,words,i
0.86,1.39,image,words,i
1.46,1.82,in,words,i
1.96,2.12,the,words,i
2.12,4.62,sand,words,i
0.17,0.26,m,phones,i
0.26,0.37,æ,phones,i
0.37,0.43,n,phones,i
0.43,0.52,b,phones,i
0.52,0.55,ɹ,phones,i
0.55,0.61,ɐ,phones,i
0.61,0.72,ʃ,phones,i
0.72,0.79,ɪ,phones,i
0.79,0.86,z,phones,i
0.86,1.06,ɪ,phones,i
1.06,1.14,m,phones,i
1.14,1.23,ɪ,phones,i
1.23,1.39,dʒ,phones,i
1.46,1.65,i,phones,i
1.65,1.82,n,phones,i
1.96,2.02,ð,phones,i
2.02,2.12,ə,phones,i
2.12,2.23,s,phones,i
2.23,2.34,æ,phones,i
2.34,2.42,n,phones,i
2.42,4.62,d,phones,i
