Begin,End,Label,Type,Speaker
0.36,0.67,man,words,i
0.67,1.04,brushes,words,i
1.04,1.45,image,words,i
1.45,1.54,in,words,i
1.54,1.61,the,words,i
1.61,4.14,sand,words,i
0.36,0.45,m,phones,i
0.45,0.59,æ,phones,i
0.59,0.67,n,phones,i
0.67,0.74,b,phones,i
0.74,0.77,ɹ,phones,i
0.77,0.83,ɐ,phones,i
0.83,0.91,ʃ,phones,i
0.91,0.97,ɪ,phones,i
0.97,1.04,z,phones,i
1.04,1.18,ɪ,phones,i
1.18,1.25,m,phones,i
1.25,1.32,ɪ,phones,i
1.32,1.45,dʒ,phones,i
1.45,1.48,ɪ,phones,i
1.48,1.54,n,phones,i
1.54,1.58,ð,phones,i
1.58,1.61,ə,phones,i
1.61,1.72,s,phones,i
1.72,1.88,æ,phones,i
1.88,1.93,n,phones,i
1.93,4.14,d,phones,i
