Begin,End,Label,Type,Speaker
0.32,0.62,man,words,i
0.7,1.27,brushes,words,i
1.38,1.67,image,words,i
1.67,1.76,in,words,i
1.76,1.83,the,words,i
1.83,4.32,sand,words,i
0.32,0.37,m,phones,i
0.37,0.5,æ,phones,i
0.5,0.62,n,phones,i
0.7,0.74,b,phones,i
0.74,0.81,ɹ,phones,i
0.81,0.88,ɐ,phones,i
0.88,1.01,ʃ,phones,i
1.01,1.11,ɪ,phones,i
1.11,1.27,z,phones,i
1.38,1.46,ɪ,phones,i
1.46,1.53,m,phones,i
1.53,1.59,ɪ,phones,i
1.59,1.67,dʒ,phones,i
1.67,1.71,ɪ,phones,i
1.71,1.76,n,phones,i
1.76,1.8,ð,phones,i
1.8,1.83,ə,phones,i
1.83,1.93,s,phones,i
1.93,2.07,æ,phones,i
2.07,2.13,n,phones,i
2.13,4.32,d,phones,i
