Begin,End,Label,Type,Speaker
0.21,0.71,man,words,i
0.89,1.19,brushes,words,i
1.19,1.52,image,words,i
1.52,1.61,in,words,i
1.61,1.69,the,words,i
1.69,3.96,sand,words,i
0.21,0.3,m,phones,i
0.3,0.57,æ,phones,i
0.57,0.71,n,phones,i
0.89,0.93,b,phones,i
0.93,0.96,ɹ,phones,i
0.96,1.02,ɐ,phones,i
1.02,1.09,ʃ,phones,i
1.09,1.15,ɪ,phones,i
1.15,1.19,z,phones,i
1.19,1.3,ɪ,phones,i
1.3,1.38,m,phones,i
1.38,1.44,ɪ,phones,i
1.44,1.52,dʒ,phones,i
1.52,1.56,ɪ,phones,i
1.56,1.61,n,phones,i
1.61,1.65,ð,phones,i
1.65,1.69,ə,phones,i
1.69,1.79,s,phones,i
1.79,1.93,æ,phones,i
1.93,1.96,n,phones,i
1.96,3.96,d,phones,i
