Begin,End,Label,Type,Speaker
0.27,0.54,man,words,i
0.54,1.02,brushes,words,i
1.06,1.65,image,words,i
1.8,1.87,in,words,i
1.87,1.97,the,words,i
1.97,4.38,sand,words,i
0.27,0.35,m,phones,i
0.35,0.47,æ,phones,i
0.47,0.54,n,phones,i
0.54,0.62,b,phones,i
0.62,0.65,ɹ,phones,i
0.65,0.7,ɐ,phones,i
0.7,0.81,ʃ,phones,i
0.81,0.87,ɪ,phones,i
0.87,1.02,z,phones,i
1.06,1.18,ɪ,phones,i
1.18,1.29,m,phones,i
1.29,1.39,ɪ,phones,i
1.39,1.65,dʒ,phones,i
1.8,1.84,ɪ,phones,i
1.84,1.87,n,phones,i
1.87,1.92,ð,phones,i
1.92,1.97,ə,phones,i
1.97,2.07,s,phones,i
2.07,2.22,æ,phones,i
2.22,2.27,n,phones,i
2.27,4.38,d,phones,i
