Begin,End,Label,Type,Speaker
0.37,0.68,man,words,i
0.68,1.02,brushes,words,i
1.02,1.37,image,words,i
1.37,1.68,in,words,i
1.71,2.04,the,words,i
2.07,4.74,sand,words,i
0.37,0.47,m,phones,i
0.47,0.6,æ,phones,i
0.6,0.68,n,phones,i
0.68,0.73,b,phones,i
0.73,0.77,ɹ,phones,i
0.77,0.83,ɐ,phones,i
0.83,0.86,ʃ,phones,i
0.86,0.92,ɪ,phones,i
0.92,1.02,z,phones,i
1.02,1.14,ɪ,phones,i
1.14,1.2,m,phones,i
1.2,1.28,ɪ,phones,i
1.28,1.37,dʒ,phones,i
1.37,1.45,ʔ,phones,i
1.45,1.51,ɪ,phones,i
1.51,1.68,n,phones,i
1.71,1.8,ð,phones,i
1.8,2.04,ə,phones,i
2.07,2.29,s,phones,i
2.29,2.5,æ,phones,i
2.5,2.55,n,phones,i
2.55,4.74,d,phones,i
