Begin,End,Label,Type,Speaker
0.26,0.34,a,words,i
0.34,0.75,woman,words,i
0.8,1.21,is,words,i
1.36,1.61,playing,words,i
1.61,1.97,guitar,words,i
1.97,2.47,onstage,words,i
0.26,0.34,ə,phones,i
0.34,0.46,w,phones,i
0.46,0.49,ʊ,phones,i
0.49,0.59,m,phones,i
0.59,0.65,ə,phones,i
0.65,0.75,n,phones,i
0.8,1.03,ɪ,phones,i
1.03,1.21,z,phones,i
1.36,1.46,p,phones,i
1.46,1.49,l,phones,i
1.49,1.53,ej,phones,i
1.53,1.56,ɪ,phones,i
1.56,1.61,ŋ,phones,i
1.61,1.66,ɟ,phones,i
1.66,1.69,ɪ,phones,i
1.69,1.81,tʰ,phones,i
1.81,1.86,ɑ,phones,i
1.86,1.97,ɹ,phones,i
1.97,2.0,ɒ,phones,i
2.0,2.06,n,phones,i
2.06,2.12,s,phones,i
2.12,2.18,t,phones,i
2.18,2.29,ej,phones,i
2.29,2.47,dʒ,phones,i
