Begin,End,Label,Type,Speaker
0.2,0.29,a,words,i
0.29,0.63,woman,words,i
0.63,0.77,is,words,i
0.77,1.07,playing,words,i
1.07,1.65,guitar,words,i
1.79,2.43,onstage,words,i
0.2,0.29,ə,phones,i
0.29,0.41,w,phones,i
0.41,0.47,ʊ,phones,i
0.47,0.54,m,phones,i
0.54,0.58,ə,phones,i
0.58,0.63,n,phones,i
0.63,0.69,ɪ,phones,i
0.69,0.77,z,phones,i
0.77,0.86,p,phones,i
0.86,0.89,l,phones,i
0.89,0.96,ej,phones,i
0.96,1.01,ɪ,phones,i
1.01,1.07,ŋ,phones,i
1.07,1.13,ɟ,phones,i
1.13,1.18,ɪ,phones,i
1.18,1.38,tʰ,phones,i
1.38,1.54,ɑ,phones,i
1.54,1.65,ɹ,phones,i
1.79,1.9,ɒ,phones,i
1.9,1.97,n,phones,i
1.97,2.05,s,phones,i
2.05,2.09,t,phones,i
2.09,2.23,ej,phones,i
2.23,2.43,dʒ,phones,i
