Begin,End,Label,Type,Speaker
0.39,0.8,a,words,i
0.88,1.22,woman,words,i
1.22,1.36,is,words,i
1.36,1.58,playing,words,i
1.58,1.93,guitar,words,i
1.93,2.43,onstage,words,i
0.39,0.8,ej,phones,i
0.88,0.97,w,phones,i
0.97,1.04,ʊ,phones,i
1.04,1.12,m,phones,i
1.12,1.17,ə,phones,i
1.17,1.22,n,phones,i
1.22,1.27,ɪ,phones,i
1.27,1.36,z,phones,i
1.36,1.42,p,phones,i
1.42,1.45,l,phones,i
1.45,1.49,ej,phones,i
1.49,1.53,ɪ,phones,i
1.53,1.58,ŋ,phones,i
1.58,1.63,ɟ,phones,i
1.63,1.66,ɪ,phones,i
1.66,1.77,tʰ,phones,i
1.77,1.82,ɑ,phones,i
1.82,1.93,ɹ,phones,i
1.93,1.96,ɒ,phones,i
1.96,2.03,n,phones,i
2.03,2.1,s,phones,i
2.1,2.15,t,phones,i
2.15,2.2,ej,phones,i
2.2,2.43,dʒ,phones,i
