Begin,End,Label,Type,Speaker
0.52,0.61,a,words,i
0.61,1.01,woman,words,i
1.01,1.18,is,words,i
1.18,1.78,playing,words,i
1.97,2.32,guitar,words,i
2.32,2.82,onstage,words,i
0.52,0.61,ə,phones,i
0.61,0.74,w,phones,i
0.74,0.8,ʊ,phones,i
0.8,0.9,m,phones,i
0.9,0.96,ə,phones,i
0.96,1.01,n,phones,i
1.01,1.09,ɪ,phones,i
1.09,1.18,z,phones,i
1.18,1.38,p,phones,i
1.38,1.45,l,phones,i
1.45,1.59,ej,phones,i
1.59,1.68,ɪ,phones,i
1.68,1.78,ŋ,phones,i
1.97,2.02,ɟ,phones,i
2.02,2.07,ɪ,phones,i
2.07,2.16,tʰ,phones,i
2.16,2.23,ɑ,phones,i
2.23,2.32,ɹ,phones,i
2.32,2.35,ɒ,phones,i
2.35,2.43,n,phones,i
2.43,2.49,s,phones,i
2.49,2.54,t,phones,i
2.54,2.62,ej,phones,i
2.62,2.82,dʒ,phones,i
