Begin,End,Label,Type,Speaker
0.21,0.29,a,words,i
0.29,0.64,woman,words,i
0.64,0.76,is,words,i
0.76,0.99,playing,words,i
0.99,1.42,guitar,words,i
1.42,2.31,onstage,words,i
0.21,0.29,ə,phones,i
0.29,0.4,w,phones,i
0.4,0.46,ʊ,phones,i
0.46,0.54,m,phones,i
0.54,0.59,ə,phones,i
0.59,0.64,n,phones,i
0.64,0.69,ɪ,phones,i
0.69,0.76,z,phones,i
0.76,0.83,p,phones,i
0.83,0.87,l,phones,i
0.87,0.91,ej,phones,i
0.91,0.95,ɪ,phones,i
0.95,0.99,ŋ,phones,i
0.99,1.03,ɟ,phones,i
1.03,1.07,ɪ,phones,i
1.07,1.21,tʰ,phones,i
1.21,1.29,ɑ,phones,i
1.29,1.42,ɹ,phones,i
1.42,1.51,ɒ,phones,i
1.51,1.57,n,phones,i
1.57,1.73,s,phones,i
1.73,1.81,t,phones,i
1.81,2.06,ej,phones,i
2.06,2.31,dʒ,phones,i
