Begin,End,Label,Type,Speaker
0.65,0.78,a,words,i
0.78,1.31,woman,words,i
1.54,1.75,is,words,i
1.75,1.98,playing,words,i
1.98,2.33,guitar,words,i
2.33,2.86,onstage,words,i
0.65,0.78,ə,phones,i
0.78,1.01,w,phones,i
1.01,1.08,ʊ,phones,i
1.08,1.18,m,phones,i
1.18,1.25,ə,phones,i
1.25,1.31,n,phones,i
1.54,1.65,ɪ,phones,i
1.65,1.75,z,phones,i
1.75,1.81,p,phones,i
1.81,1.84,l,phones,i
1.84,1.89,ej,phones,i
1.89,1.94,ɪ,phones,i
1.94,1.98,ŋ,phones,i
1.98,2.02,ɟ,phones,i
2.02,2.05,ɪ,phones,i
2.05,2.17,tʰ,phones,i
2.17,2.23,ɑ,phones,i
2.23,2.33,ɹ,phones,i
2.33,2.37,ɒ,phones,i
2.37,2.43,n,phones,i
2.43,2.51,s,phones,i
2.51,2.55,t,phones,i
2.55,2.65,ej,phones,i
2.65,2.86,dʒ,phones,i
