Begin,End,Label,Type,Speaker
0.31,0.44,a,words,i
0.44,0.86,woman,words,i
0.86,1.02,is,words,i
1.02,1.37,playing,words,i
1.37,1.83,guitar,words,i
1.83,2.46,onstage,words,i
0.31,0.44,ə,phones,i
0.44,0.59,w,phones,i
0.59,0.65,ʊ,phones,i
0.65,0.75,m,phones,i
0.75,0.8,ə,phones,i
0.8,0.86,n,phones,i
0.86,0.91,ɪ,phones,i
0.91,1.02,z,phones,i
1.02,1.09,p,phones,i
1.09,1.13,l,phones,i
1.13,1.26,ej,phones,i
1.26,1.31,ɪ,phones,i
1.31,1.37,ŋ,phones,i
1.37,1.41,ɟ,phones,i
1.41,1.45,ɪ,phones,i
1.45,1.59,tʰ,phones,i
1.59,1.69,ɑ,phones,i
1.69,1.83,ɹ,phones,i
1.83,1.9,ɒ,phones,i
1.9,1.97,n,phones,i
1.97,2.06,s,phones,i
2.06,2.11,t,phones,i
2.11,2.25,ej,phones,i
2.25,2.46,dʒ,phones,i
