Begin,End,Label,Type,Speaker
0.31,0.62,dog,words,i
0.76,1.32,jumps,words,i
1.43,1.53,to,words,i
1.53,1.81,catch,words,i
1.81,1.86,a,words,i
1.86,2.28,snowball,words,i
0.31,0.36,d,phones,i
0.36,0.51,ɒ,phones,i
0.51,0.62,ɡ,phones,i
0.76,0.85,dʒ,phones,i
0.85,0.99,ɐ,phones,i
0.99,1.07,m,phones,i
1.07,1.15,p,phones,i
1.15,1.32,s,phones,i
1.43,1.5,t,phones,i
1.5,1.53,ə,phones,i
1.53,1.61,cʰ,phones,i
1.61,1.71,æ,phones,i
1.71,1.81,tʃ,phones,i
1.81,1.86,ə,phones,i
1.86,1.95,s,phones,i
1.95,2.0,n,phones,i
2.0,2.06,əw,phones,i
2.06,2.12,b,phones,i
2.12,2.16,ɒː,phones,i
2.16,2.28,ɫ,phones,i
