Begin,End,Label,Type,Speaker
0.16,0.42,dog,words,i
0.42,0.68,jumps,words,i
0.68,0.81,to,words,i
0.81,1.11,catch,words,i
1.11,1.16,a,words,i
1.16,1.99,snowball,words,i
0.16,0.21,d,phones,i
0.21,0.35,ɒ,phones,i
0.35,0.42,ɡ,phones,i
0.42,0.5,dʒ,phones,i
0.5,0.57,ɐ,phones,i
0.57,0.62,m,phones,i
0.62,0.65,p,phones,i
0.65,0.68,s,phones,i
0.68,0.74,t,phones,i
0.74,0.81,ə,phones,i
0.81,0.9,cʰ,phones,i
0.9,1.0,æ,phones,i
1.0,1.11,tʃ,phones,i
1.11,1.16,ə,phones,i
1.16,1.36,s,phones,i
1.36,1.48,n,phones,i
1.48,1.67,əw,phones,i
1.67,1.75,b,phones,i
1.75,1.8,ɒː,phones,i
1.8,1.99,ɫ,phones,i
