Begin,End,Label,Type,Speaker
0.47,0.69,dog,words,i
0.69,0.99,jumps,words,i
0.99,1.11,to,words,i
1.11,1.74,catch,words,i
1.79,1.89,a,words,i
1.89,2.4,snowball,words,i
0.47,0.52,d,phones,i
0.52,0.63,ɒ,phones,i
0.63,0.69,ɡ,phones,i
0.69,0.76,dʒ,phones,i
0.76,0.83,ɐ,phones,i
0.83,0.9,m,phones,i
0.9,0.94,p,phones,i
0.94,0.99,s,phones,i
0.99,1.07,t,phones,i
1.07,1.11,ə,phones,i
1.11,1.28,cʰ,phones,i
1.28,1.49,æ,phones,i
1.49,1.74,tʃ,phones,i
1.79,1.89,ə,phones,i
1.89,2.01,s,phones,i
2.01,2.06,n,phones,i
2.06,2.14,ow,phones,i
2.14,2.2,b,phones,i
2.2,2.26,ɒ,phones,i
2.26,2.4,ɫ,phones,i
