Begin,End,Label,Type,Speaker
0.46,0.72,dog,words,i
0.72,1.1,jumps,words,i
1.1,1.59,to,words,i
1.7,1.99,catch,words,i
1.99,2.02,a,words,i
2.02,2.5,snowball,words,i
0.46,0.51,d,phones,i
0.51,0.62,ɒ,phones,i
0.62,0.72,ɡ,phones,i
0.72,0.79,dʒ,phones,i
0.79,0.88,ɐ,phones,i
0.88,0.95,m,phones,i
0.95,0.99,p,phones,i
0.99,1.1,s,phones,i
1.1,1.27,tʰ,phones,i
1.27,1.59,ʉː,phones,i
1.7,1.77,cʰ,phones,i
1.77,1.88,æ,phones,i
1.88,1.99,tʃ,phones,i
1.99,2.02,ə,phones,i
2.02,2.12,s,phones,i
2.12,2.15,n,phones,i
2.15,2.24,ow,phones,i
2.24,2.3,b,phones,i
2.3,2.36,ɒ,phones,i
2.36,2.5,ɫ,phones,i
