Begin,End,Label,Type,Speaker
0.49,0.92,dog,words,i
1.16,1.45,jumps,words,i
1.45,1.57,to,words,i
1.57,1.83,catch,words,i
1.83,1.87,a,words,i
1.87,2.32,snowball,words,i
0.49,0.54,d,phones,i
0.54,0.79,ɒ,phones,i
0.79,0.92,ɡ,phones,i
1.16,1.23,dʒ,phones,i
1.23,1.31,ɐ,phones,i
1.31,1.38,m,phones,i
1.38,1.42,p,phones,i
1.42,1.45,s,phones,i
1.45,1.51,t,phones,i
1.51,1.57,ə,phones,i
1.57,1.64,cʰ,phones,i
1.64,1.75,æ,phones,i
1.75,1.83,tʃ,phones,i
1.83,1.87,ə,phones,i
1.87,1.97,s,phones,i
1.97,2.01,n,phones,i
2.01,2.08,əw,phones,i
2.08,2.15,b,phones,i
2.15,2.18,ɒː,phones,i
2.18,2.32,ɫ,phones,i
