Begin,End,Label,Type,Speaker
0.56,0.87,dog,words,i
0.87,1.18,jumps,words,i
1.18,1.31,to,words,i
1.31,1.61,catch,words,i
1.61,1.65,a,words,i
1.65,2.12,snowball,words,i
0.56,0.6,d,phones,i
0.6,0.77,ɒ,phones,i
0.77,0.87,ɡ,phones,i
0.87,0.94,dʒ,phones,i
0.94,1.03,ɐ,phones,i
1.03,1.11,m,phones,i
1.11,1.15,p,phones,i
1.15,1.18,s,phones,i
1.18,1.23,t,phones,i
1.23,1.31,ə,phones,i
1.31,1.39,cʰ,phones,i
1.39,1.52,æ,phones,i
1.52,1.61,tʃ,phones,i
1.61,1.65,ə,phones,i
1.65,1.75,s,phones,i
1.75,1.79,n,phones,i
1.79,1.87,ow,phones,i
1.87,1.94,b,phones,i
1.94,1.97,ɒ,phones,i
1.97,2.12,ɫ,phones,i
