Begin,End,Label,Type,Speaker
0.36,0.59,dog,words,i
0.59,0.87,jumps,words,i
0.87,0.96,to,words,i
0.96,1.42,catch,words,i
1.58,1.95,a,words,i
2.02,2.57,snowball,words,i
0.36,0.4,d,phones,i
0.4,0.52,ɒ,phones,i
0.52,0.59,ɡ,phones,i
0.59,0.66,dʒ,phones,i
0.66,0.74,ɐ,phones,i
0.74,0.8,m,phones,i
0.8,0.83,p,phones,i
0.83,0.87,s,phones,i
0.87,0.93,t,phones,i
0.93,0.96,ə,phones,i
0.96,1.09,cʰ,phones,i
1.09,1.22,æ,phones,i
1.22,1.42,tʃ,phones,i
1.58,1.95,ej,phones,i
2.02,2.2,s,phones,i
2.2,2.24,n,phones,i
2.24,2.32,ow,phones,i
2.32,2.38,b,phones,i
2.38,2.42,ɒ,phones,i
2.42,2.57,ɫ,phones,i
