Begin,End,Label,Type,Speaker
0.66,0.82,a,words,i
0.82,1.34,toyota,words,i
1.34,1.66,car,words,i
1.66,2.03,drives,words,i
2.03,2.26,into,words,i
2.26,4.74,water,words,i
0.66,0.82,ə,phones,i
0.82,0.92,tʰ,phones,i
0.92,1.07,ɔj,phones,i
1.07,1.16,əw,phones,i
1.16,1.25,t,phones,i
1.25,1.34,ə,phones,i
1.34,1.45,kʰ,phones,i
1.45,1.53,ɑ,phones,i
1.53,1.66,ɹ,phones,i
1.66,1.77,d,phones,i
1.77,1.82,ɹ,phones,i
1.82,1.95,aj,phones,i
1.95,1.99,v,phones,i
1.99,2.03,z,phones,i
2.03,2.08,ɪ,phones,i
2.08,2.14,n,phones,i
2.14,2.22,tʰ,phones,i
2.22,2.26,ʉ,phones,i
2.26,2.36,w,phones,i
2.36,2.44,ɒː,phones,i
2.44,2.55,t,phones,i
2.55,4.74,ə,phones,i
