Begin,End,Label,Type,Speaker
0.46,0.56,a,words,i
0.56,0.98,toyota,words,i
0.98,1.22,car,words,i
1.22,1.56,drives,words,i
1.56,1.88,into,words,i
1.88,4.68,water,words,i
0.46,0.56,ə,phones,i
0.56,0.66,tʰ,phones,i
0.66,0.75,ɔj,phones,i
0.75,0.82,əw,phones,i
0.82,0.9,t,phones,i
0.9,0.98,ə,phones,i
0.98,1.05,kʰ,phones,i
1.05,1.11,ɑ,phones,i
1.11,1.22,ɹ,phones,i
1.22,1.3,d,phones,i
1.3,1.35,ɹ,phones,i
1.35,1.45,aj,phones,i
1.45,1.5,v,phones,i
1.5,1.56,z,phones,i
1.56,1.64,ɪ,phones,i
1.64,1.71,n,phones,i
1.71,1.81,tʰ,phones,i
1.81,1.88,ʉ,phones,i
1.88,2.05,w,phones,i
2.05,2.19,ɒː,phones,i
2.19,2.35,t,phones,i
2.35,4.68,ə,phones,i
