Begin,End,Label,Type,Speaker
0.26,0.42,a,words,i
0.42,0.92,toyota,words,i
0.92,1.44,car,words,i
1.6,1.85,drives,words,i
1.85,2.04,into,words,i
2.04,4.5,water,words,i
0.26,0.42,ə,phones,i
0.42,0.51,tʰ,phones,i
0.51,0.65,ɔj,phones,i
0.65,0.7,əw,phones,i
0.7,0.79,t,phones,i
0.79,0.92,ə,phones,i
0.92,1.1,kʰ,phones,i
1.1,1.27,ɑ,phones,i
1.27,1.44,ɹ,phones,i
1.6,1.66,d,phones,i
1.66,1.7,ɹ,phones,i
1.7,1.77,aj,phones,i
1.77,1.81,v,phones,i
1.81,1.85,z,phones,i
1.85,1.89,ɪ,phones,i
1.89,1.94,n,phones,i
1.94,2.0,tʰ,phones,i
2.0,2.04,ʉ,phones,i
2.04,2.1,w,phones,i
2.1,2.19,ɒː,phones,i
2.19,2.31,t,phones,i
2.31,4.5,ə,phones,i
