Begin,End,Label,Type,Speaker
0.28,0.66,a,words,i
0.75,1.2,toyota,words,i
1.2,1.42,car,words,i
1.42,1.68,drives,words,i
1.68,1.88,into,words,i
1.88,4.2,water,words,i
0.28,0.66,ej,phones,i
0.75,0.82,tʰ,phones,i
0.82,0.96,ɔj,phones,i
0.96,1.03,əw,phones,i
1.03,1.11,t,phones,i
1.11,1.2,ə,phones,i
1.2,1.27,kʰ,phones,i
1.27,1.31,ɑ,phones,i
1.31,1.42,ɹ,phones,i
1.42,1.48,d,phones,i
1.48,1.52,ɹ,phones,i
1.52,1.58,aj,phones,i
1.58,1.63,v,phones,i
1.63,1.68,z,phones,i
1.68,1.72,ɪ,phones,i
1.72,1.77,n,phones,i
1.77,1.84,tʰ,phones,i
1.84,1.88,ʉ,phones,i
1.88,1.96,w,phones,i
1.96,2.01,ɒː,phones,i
2.01,2.13,t,phones,i
2.13,4.2,ə,phones,i
