Begin,End,Label,Type,Speaker
0.45,0.56,a,words,i
0.56,1.37,toyota,words,i
1.46,1.7,car,words,i
1.7,1.95,drives,words,i
1.95,2.15,into,words,i
2.15,4.62,water,words,i
0.45,0.56,ə,phones,i
0.56,0.71,tʰ,phones,i
0.71,0.95,ɔj,phones,i
0.95,1.08,əw,phones,i
1.08,1.19,t,phones,i
1.19,1.37,ə,phones,i
1.46,1.56,kʰ,phones,i
1.56,1.6,ɑ,phones,i
1.6,1.7,ɹ,phones,i
1.7,1.76,d,phones,i
1.76,1.8,ɹ,phones,i
1.8,1.85,aj,phones,i
1.85,1.89,v,phones,i
1.89,1.95,z,phones,i
1.95,1.99,ɪ,phones,i
1.99,2.04,n,phones,i
2.04,2.11,tʰ,phones,i
2.11,2.15,ʉ,phones,i
2.15,2.22,w,phones,i
2.22,2.28,ɒː,phones,i
2.28,2.39,t,phones,i
2.39,4.62,ə,phones,i
