Begin,End,Label,Type,Speaker
0.32,0.45,a,words,i
0.45,0.99,toyota,words,i
0.99,1.33,car,words,i
1.33,2.13,drives,words,i
2.27,2.54,into,words,i
2.54,5.1,water,words,i
0.32,0.45,ə,phones,i
0.45,0.56,tʰ,phones,i
0.56,0.66,ɔj,phones,i
0.66,0.75,əw,phones,i
0.75,0.85,t,phones,i
0.85,0.99,ə,phones,i
0.99,1.13,kʰ,phones,i
1.13,1.2,ɑ,phones,i
1.2,1.33,ɹ,phones,i
1.33,1.47,d,phones,i
1.47,1.62,ɹ,phones,i
1.62,1.89,aj,phones,i
1.89,1.97,v,phones,i
1.97,2.13,z,phones,i
2.27,2.34,ɪ,phones,i
2.34,2.41,n,phones,i
2.41,2.5,tʰ,phones,i
2.5,2.54,ʉː,phones,i
2.54,2.66,w,phones,i
2.66,2.76,ɒː,phones,i
2.76,2.87,t,phones,i
2.87,5.1,ə,phones,i
