Begin,End,Label,Type,Speaker
0.53,0.68,a,words,i
0.68,1.12,toyota,words,i
1.12,1.33,car,words,i
1.33,1.7,drives,words,i
1.77,2.31,into,words,i
2.42,5.16,water,words,i
0.53,0.68,ə,phones,i
0.68,0.81,tʰ,phones,i
0.81,0.89,ɔj,phones,i
0.89,0.94,əw,phones,i
0.94,1.02,t,phones,i
1.02,1.12,ə,phones,i
1.12,1.18,kʰ,phones,i
1.18,1.22,ɑ,phones,i
1.22,1.33,ɹ,phones,i
1.33,1.4,d,phones,i
1.4,1.45,ɹ,phones,i
1.45,1.56,aj,phones,i
1.56,1.62,v,phones,i
1.62,1.7,z,phones,i
1.77,1.91,ɪ,phones,i
1.91,2.0,n,phones,i
2.0,2.12,tʰ,phones,i
2.12,2.31,ʉː,phones,i
2.42,2.53,w,phones,i
2.53,2.63,ɒː,phones,i
2.63,2.74,t,phones,i
2.74,5.16,ə,phones,i
