Begin,End,Label,Type,Speaker
0.18,0.34,a,words,i
0.34,0.63,blonde,words,i
0.63,0.85,lady,words,i
0.85,1.04,with,words,i
1.04,1.94,sunglasses,words,i
1.94,2.5,smiles,words,i
0.18,0.34,ə,phones,i
0.34,0.39,b,phones,i
0.39,0.43,l,phones,i
0.43,0.52,ɒ,phones,i
0.52,0.59,n,phones,i
0.59,0.63,d,phones,i
0.63,0.67,l,phones,i
0.67,0.75,ej,phones,i
0.75,0.78,dʲ,phones,i
0.78,0.85,i,phones,i
0.85,0.96,w,phones,i
0.96,1.01,ɪ,phones,i
1.01,1.04,θ,phones,i
1.04,1.23,s,phones,i
1.23,1.4,ɐ,phones,i
1.4,1.48,ŋ,phones,i
1.48,1.52,ɡ,phones,i
1.52,1.57,l,phones,i
1.57,1.67,ɑː,phones,i
1.67,1.8,s,phones,i
1.8,1.89,ɪ,phones,i
1.89,1.94,z,phones,i
1.94,2.07,s,phones,i
2.07,2.13,m,phones,i
2.13,2.23,aj,phones,i
2.23,2.31,ɫ,phones,i
2.31,2.5,z,phones,i
