Begin,End,Label,Type,Speaker
0.26,0.37,a,words,i
0.37,1.05,blonde,words,i
1.2,1.44,lady,words,i
1.44,1.58,with,words,i
1.58,2.09,sunglasses,words,i
2.09,2.56,smiles,words,i
0.26,0.37,ə,phones,i
0.37,0.53,b,phones,i
0.53,0.64,l,phones,i
0.64,0.85,ɒ,phones,i
0.85,0.96,n,phones,i
0.96,1.05,d,phones,i
1.2,1.26,l,phones,i
1.26,1.35,ej,phones,i
1.35,1.38,dʲ,phones,i
1.38,1.44,i,phones,i
1.44,1.52,w,phones,i
1.52,1.55,ɪ,phones,i
1.55,1.58,θ,phones,i
1.58,1.67,s,phones,i
1.67,1.71,ɐ,phones,i
1.71,1.78,ŋ,phones,i
1.78,1.81,ɡ,phones,i
1.81,1.84,l,phones,i
1.84,1.89,ɑː,phones,i
1.89,2.01,s,phones,i
2.01,2.04,ɪ,phones,i
2.04,2.09,z,phones,i
2.09,2.16,s,phones,i
2.16,2.21,m,phones,i
2.21,2.28,aj,phones,i
2.28,2.38,ɫ,phones,i
2.38,2.56,z,phones,i
