Begin,End,Label,Type,Speaker
0.31,0.67,a,words,i
0.79,1.04,blonde,words,i
1.04,1.31,lady,words,i
1.31,1.45,with,words,i
1.45,1.97,sunglasses,words,i
1.97,2.44,smiles,words,i
0.31,0.67,ej,phones,i
0.79,0.84,b,phones,i
0.84,0.87,l,phones,i
0.87,0.94,ɒ,phones,i
0.94,1.01,n,phones,i
1.01,1.04,d,phones,i
1.04,1.07,l,phones,i
1.07,1.16,ej,phones,i
1.16,1.22,dʲ,phones,i
1.22,1.31,i,phones,i
1.31,1.39,w,phones,i
1.39,1.42,ɪ,phones,i
1.42,1.45,θ,phones,i
1.45,1.53,s,phones,i
1.53,1.58,ɐ,phones,i
1.58,1.64,ŋ,phones,i
1.64,1.68,ɡ,phones,i
1.68,1.72,l,phones,i
1.72,1.78,ɑː,phones,i
1.78,1.88,s,phones,i
1.88,1.93,ɪ,phones,i
1.93,1.97,z,phones,i
1.97,2.03,s,phones,i
2.03,2.1,m,phones,i
2.1,2.2,aj,phones,i
2.2,2.27,ɫ,phones,i
2.27,2.44,z,phones,i
