Begin,End,Label,Type,Speaker
0.35,0.38,a,words,i
0.38,0.75,blonde,words,i
0.75,1.26,lady,words,i
1.43,1.57,with,words,i
1.57,2.09,sunglasses,words,i
2.09,2.55,smiles,words,i
0.35,0.38,ə,phones,i
0.38,0.41,b,phones,i
0.41,0.49,l,phones,i
0.49,0.6,ɒ,phones,i
0.6,0.69,n,phones,i
0.69,0.75,d,phones,i
0.75,0.88,l,phones,i
0.88,1.04,ej,phones,i
1.04,1.1,dʲ,phones,i
1.1,1.26,i,phones,i
1.43,1.51,w,phones,i
1.51,1.54,ɪ,phones,i
1.54,1.57,θ,phones,i
1.57,1.65,s,phones,i
1.65,1.7,ɐ,phones,i
1.7,1.76,ɲ,phones,i
1.76,1.79,ɟ,phones,i
1.79,1.84,ʎ,phones,i
1.84,1.89,æ,phones,i
1.89,2.0,s,phones,i
2.0,2.04,ɪ,phones,i
2.04,2.09,z,phones,i
2.09,2.15,s,phones,i
2.15,2.21,m,phones,i
2.21,2.28,aj,phones,i
2.28,2.38,ɫ,phones,i
2.38,2.55,z,phones,i
