Begin,End,Label,Type,Speaker
0.15,0.25,a,words,i
0.25,0.62,blonde,words,i
0.62,0.89,lady,words,i
0.89,1.04,with,words,i
1.04,1.64,sunglasses,words,i
1.64,2.12,smiles,words,i
0.15,0.25,ə,phones,i
0.25,0.37,b,phones,i
0.37,0.41,l,phones,i
0.41,0.52,ɒ,phones,i
0.52,0.59,n,phones,i
0.59,0.62,d,phones,i
0.62,0.67,l,phones,i
0.67,0.76,ej,phones,i
0.76,0.81,dʲ,phones,i
0.81,0.89,i,phones,i
0.89,0.98,w,phones,i
0.98,1.01,ɪ,phones,i
1.01,1.04,θ,phones,i
1.04,1.14,s,phones,i
1.14,1.2,ɐ,phones,i
1.2,1.26,ɲ,phones,i
1.26,1.3,ɟ,phones,i
1.3,1.34,ʎ,phones,i
1.34,1.41,æ,phones,i
1.41,1.51,s,phones,i
1.51,1.56,ɪ,phones,i
1.56,1.64,z,phones,i
1.64,1.7,s,phones,i
1.7,1.76,m,phones,i
1.76,1.84,aj,phones,i
1.84,1.94,ɫ,phones,i
1.94,2.12,z,phones,i
