Begin,End,Label,Type,Speaker
0.18,0.3,a,words,i
0.3,0.61,blonde,words,i
0.61,0.85,lady,words,i
0.85,1.01,with,words,i
1.01,1.58,sunglasses,words,i
1.58,2.38,smiles,words,i
0.18,0.3,ə,phones,i
0.3,0.4,b,phones,i
0.4,0.45,l,phones,i
0.45,0.54,ɒ,phones,i
0.54,0.58,n,phones,i
0.58,0.61,d,phones,i
0.61,0.66,l,phones,i
0.66,0.76,ej,phones,i
0.76,0.79,dʲ,phones,i
0.79,0.85,i,phones,i
0.85,0.95,w,phones,i
0.95,0.98,ɪ,phones,i
0.98,1.01,θ,phones,i
1.01,1.12,s,phones,i
1.12,1.18,ɐ,phones,i
1.18,1.24,ɲ,phones,i
1.24,1.27,ɟ,phones,i
1.27,1.32,ʎ,phones,i
1.32,1.39,æ,phones,i
1.39,1.5,s,phones,i
1.5,1.53,ɪ,phones,i
1.53,1.58,z,phones,i
1.58,1.75,s,phones,i
1.75,1.82,m,phones,i
1.82,2.02,aj,phones,i
2.02,2.14,ɫ,phones,i
2.14,2.38,z,phones,i
