Begin,End,Label,Type,Speaker
0.14,0.31,a,words,i
0.31,0.6,blonde,words,i
0.6,0.94,lady,words,i
0.94,1.51,with,words,i
1.59,2.18,sunglasses,words,i
2.18,2.63,smiles,words,i
0.14,0.31,ə,phones,i
0.31,0.35,b,phones,i
0.35,0.39,l,phones,i
0.39,0.49,ɒ,phones,i
0.49,0.55,n,phones,i
0.55,0.6,d,phones,i
0.6,0.66,l,phones,i
0.66,0.77,ej,phones,i
0.77,0.81,dʲ,phones,i
0.81,0.94,i,phones,i
0.94,1.15,w,phones,i
1.15,1.29,ɪ,phones,i
1.29,1.51,θ,phones,i
1.59,1.72,s,phones,i
1.72,1.77,ɐ,phones,i
1.77,1.84,ŋ,phones,i
1.84,1.88,ɡ,phones,i
1.88,1.91,l,phones,i
1.91,1.98,ɑː,phones,i
1.98,2.08,s,phones,i
2.08,2.12,ɪ,phones,i
2.12,2.18,z,phones,i
2.18,2.24,s,phones,i
2.24,2.3,m,phones,i
2.3,2.39,aj,phones,i
2.39,2.47,ɫ,phones,i
2.47,2.63,z,phones,i
