Begin,End,Label,Type,Speaker
0.61,0.81,two,words,i
0.81,1.43,snowboarders,words,i
1.43,1.7,throw,words,i
1.7,1.92,up,words,i
1.92,2.43,their,words,i
2.43,3.01,hands,words,i
0.61,0.71,tʰ,phones,i
0.71,0.81,ʉ,phones,i
0.81,0.9,s,phones,i
0.9,0.95,n,phones,i
0.95,1.02,əw,phones,i
1.02,1.1,b,phones,i
1.1,1.2,ɒː,phones,i
1.2,1.26,d,phones,i
1.26,1.33,ə,phones,i
1.33,1.43,z,phones,i
1.43,1.56,θ,phones,i
1.56,1.61,ɹ,phones,i
1.61,1.7,o,phones,i
1.7,1.8,ɐ,phones,i
1.8,1.92,p,phones,i
1.92,2.06,ð,phones,i
2.06,2.3,ɛ,phones,i
2.3,2.43,ɹ,phones,i
2.43,2.54,h,phones,i
2.54,2.68,æ,phones,i
2.68,2.73,n,phones,i
2.73,2.83,d,phones,i
2.83,3.01,z,phones,i
