Begin,End,Label,Type,Speaker
0.35,0.55,two,words,i
0.55,1.15,snowboarders,words,i
1.15,1.46,throw,words,i
1.46,1.96,up,words,i
2.1,2.24,their,words,i
2.24,2.75,hands,words,i
0.35,0.45,tʰ,phones,i
0.45,0.55,ʉ,phones,i
0.55,0.65,s,phones,i
0.65,0.7,n,phones,i
0.7,0.76,əw,phones,i
0.76,0.83,b,phones,i
0.83,0.95,ɒː,phones,i
0.95,0.99,d,phones,i
0.99,1.05,ə,phones,i
1.05,1.15,z,phones,i
1.15,1.27,θ,phones,i
1.27,1.33,ɹ,phones,i
1.33,1.46,ow,phones,i
1.46,1.75,ɔ,phones,i
1.75,1.96,p,phones,i
2.1,2.14,ð,phones,i
2.14,2.19,ɛ,phones,i
2.19,2.24,ɹ,phones,i
2.24,2.32,h,phones,i
2.32,2.45,æ,phones,i
2.45,2.52,n,phones,i
2.52,2.58,d,phones,i
2.58,2.75,z,phones,i
