Begin,End,Label,Type,Speaker
0.22,0.77,two,words,i
0.86,1.51,snowboarders,words,i
1.51,1.73,throw,words,i
1.73,1.84,up,words,i
1.84,1.97,their,words,i
1.97,2.36,hands,words,i
0.22,0.37,tʰ,phones,i
0.37,0.77,ʉ,phones,i
0.86,1.02,s,phones,i
1.02,1.06,n,phones,i
1.06,1.13,əw,phones,i
1.13,1.2,b,phones,i
1.2,1.31,ɒː,phones,i
1.31,1.38,d,phones,i
1.38,1.44,ə,phones,i
1.44,1.51,z,phones,i
1.51,1.59,f,phones,i
1.59,1.7,ɹ,phones,i
1.7,1.73,əw,phones,i
1.73,1.76,ɐ,phones,i
1.76,1.84,p,phones,i
1.84,1.87,ð,phones,i
1.87,1.94,ɛ,phones,i
1.94,1.97,ɹ,phones,i
1.97,2.02,h,phones,i
2.02,2.15,æ,phones,i
2.15,2.18,n,phones,i
2.18,2.23,d,phones,i
2.23,2.36,z,phones,i
