Begin,End,Label,Type,Speaker
0.21,0.39,two,words,i
0.39,1.09,snowboarders,words,i
1.09,1.29,throw,words,i
1.29,1.4,up,words,i
1.4,1.55,their,words,i
1.55,5.16,hands,words,i
0.21,0.31,tʰ,phones,i
0.31,0.39,ʉ,phones,i
0.39,0.49,s,phones,i
0.49,0.55,n,phones,i
0.55,0.62,əw,phones,i
0.62,0.7,b,phones,i
0.7,0.8,ɒː,phones,i
0.8,0.85,d,phones,i
0.85,0.94,ə,phones,i
0.94,1.09,z,phones,i
1.09,1.14,θ,phones,i
1.14,1.19,ɹ,phones,i
1.19,1.29,ow,phones,i
1.29,1.32,ɐ,phones,i
1.32,1.4,p,phones,i
1.4,1.44,ð,phones,i
1.44,1.49,ɛ,phones,i
1.49,1.55,ɹ,phones,i
1.55,1.78,h,phones,i
1.78,2.21,æ,phones,i
2.21,2.35,n,phones,i
2.35,2.4,d,phones,i
2.4,5.16,z,phones,i
