Begin,End,Label,Type,Speaker
0.37,0.58,two,words,i
0.58,1.25,snowboarders,words,i
1.35,1.95,throw,words,i
1.95,2.07,up,words,i
2.39,2.55,their,words,i
2.55,3.01,hands,words,i
0.37,0.48,tʰ,phones,i
0.48,0.58,ʉ,phones,i
0.58,0.67,s,phones,i
0.67,0.73,n,phones,i
0.73,0.79,əw,phones,i
0.79,0.86,b,phones,i
0.86,0.97,ɒː,phones,i
0.97,1.03,d,phones,i
1.03,1.12,ə,phones,i
1.12,1.25,z,phones,i
1.35,1.65,θ,phones,i
1.65,1.76,ɹ,phones,i
1.76,1.95,ow,phones,i
1.95,1.98,ɔ,phones,i
1.98,2.07,p,phones,i
2.39,2.44,ð,phones,i
2.44,2.5,ɛ,phones,i
2.5,2.55,ɹ,phones,i
2.55,2.58,h,phones,i
2.58,2.75,æ,phones,i
2.75,2.79,n,phones,i
2.79,2.86,d,phones,i
2.86,3.01,z,phones,i
