Begin,End,Label,Type,Speaker
0.37,0.74,two,words,i
0.78,1.85,snowboarders,words,i
1.97,2.2,throw,words,i
2.2,2.3,up,words,i
2.3,2.42,their,words,i
2.42,4.86,hands,words,i
0.37,0.49,tʰ,phones,i
0.49,0.74,ʉ,phones,i
0.78,0.98,s,phones,i
0.98,1.09,n,phones,i
1.09,1.28,əw,phones,i
1.28,1.35,b,phones,i
1.35,1.53,ɒː,phones,i
1.53,1.58,d,phones,i
1.58,1.72,ə,phones,i
1.72,1.85,z,phones,i
1.97,2.1,θ,phones,i
2.1,2.16,ɹ,phones,i
2.16,2.2,ow,phones,i
2.2,2.27,ɐ,phones,i
2.27,2.3,p,phones,i
2.3,2.34,ð,phones,i
2.34,2.39,ɛ,phones,i
2.39,2.42,ɹ,phones,i
2.42,2.45,h,phones,i
2.45,2.61,æ,phones,i
2.61,2.66,n,phones,i
2.66,2.73,d,phones,i
2.73,4.86,z,phones,i
