Begin,End,Label,Type,Speaker
0.49,0.71,two,words,i
0.71,1.45,snowboarders,words,i
1.45,1.78,throw,words,i
1.78,1.9,up,words,i
1.9,2.04,their,words,i
2.04,2.51,hands,words,i
0.49,0.59,tʰ,phones,i
0.59,0.71,ʉ,phones,i
0.71,0.81,s,phones,i
0.81,0.87,n,phones,i
0.87,0.95,əw,phones,i
0.95,1.04,b,phones,i
1.04,1.19,ɒː,phones,i
1.19,1.24,d,phones,i
1.24,1.35,ə,phones,i
1.35,1.45,z,phones,i
1.45,1.62,θ,phones,i
1.62,1.68,ɹ,phones,i
1.68,1.78,o,phones,i
1.78,1.84,ɐ,phones,i
1.84,1.9,p,phones,i
1.9,1.94,ð,phones,i
1.94,1.99,ɛ,phones,i
1.99,2.04,ɹ,phones,i
2.04,2.11,h,phones,i
2.11,2.23,æ,phones,i
2.23,2.27,n,phones,i
2.27,2.32,d,phones,i
2.32,2.51,z,phones,i
