Begin,End,Label,Type,Speaker
0.24,0.61,a,words,i
0.64,0.94,man,words,i
0.94,1.11,and,words,i
1.11,1.41,woman,words,i
1.41,1.59,blow,words,i
1.59,2.06,bubbles,words,i
0.24,0.61,ej,phones,i
0.64,0.72,m,phones,i
0.72,0.85,æ,phones,i
0.85,0.94,n,phones,i
0.94,1.02,æ,phones,i
1.02,1.06,n,phones,i
1.06,1.11,d,phones,i
1.11,1.23,w,phones,i
1.23,1.26,ʊ,phones,i
1.26,1.34,m,phones,i
1.34,1.37,ə,phones,i
1.37,1.41,n,phones,i
1.41,1.5,b,phones,i
1.5,1.54,l,phones,i
1.54,1.59,ow,phones,i
1.59,1.67,b,phones,i
1.67,1.73,ɐ,phones,i
1.73,1.78,b,phones,i
1.78,1.85,ɫ̩,phones,i
1.85,2.06,z,phones,i
