Begin,End,Label,Type,Speaker
0.3,0.44,a,words,i
0.44,0.77,man,words,i
0.77,0.91,and,words,i
0.91,1.25,woman,words,i
1.25,1.82,blow,words,i
2.01,2.54,bubbles,words,i
0.3,0.44,ə,phones,i
0.44,0.54,m,phones,i
0.54,0.69,æ,phones,i
0.69,0.77,n,phones,i
0.77,0.84,æ,phones,i
0.84,0.91,n,phones,i
0.91,0.99,w,phones,i
0.99,1.03,ʊ,phones,i
1.03,1.11,m,phones,i
1.11,1.17,ə,phones,i
1.17,1.25,n,phones,i
1.25,1.38,b,phones,i
1.38,1.55,l,phones,i
1.55,1.82,o,phones,i
2.01,2.05,b,phones,i
2.05,2.13,ɐ,phones,i
2.13,2.22,b,phones,i
2.22,2.32,ɫ̩,phones,i
2.32,2.54,z,phones,i
