Begin,End,Label,Type,Speaker
0.3,0.49,a,words,i
0.49,1.04,man,words,i
1.13,1.41,and,words,i
1.41,1.68,woman,words,i
1.68,1.82,blow,words,i
1.82,2.32,bubbles,words,i
0.3,0.49,ə,phones,i
0.49,0.66,m,phones,i
0.66,0.88,æ,phones,i
0.88,1.04,n,phones,i
1.13,1.21,ʔ,phones,i
1.21,1.27,æ,phones,i
1.27,1.34,n,phones,i
1.34,1.41,d,phones,i
1.41,1.46,w,phones,i
1.46,1.49,ʊ,phones,i
1.49,1.57,m,phones,i
1.57,1.6,ə,phones,i
1.6,1.68,n,phones,i
1.68,1.73,b,phones,i
1.73,1.76,l,phones,i
1.76,1.82,əw,phones,i
1.82,1.91,b,phones,i
1.91,1.96,ɐ,phones,i
1.96,2.04,b,phones,i
2.04,2.12,ɫ̩,phones,i
2.12,2.32,z,phones,i
