Begin,End,Label,Type,Speaker
0.17,0.29,a,words,i
0.29,0.66,man,words,i
0.66,1.19,and,words,i
1.4,1.71,woman,words,i
1.71,1.87,blow,words,i
1.87,2.33,bubbles,words,i
0.17,0.29,ə,phones,i
0.29,0.4,m,phones,i
0.4,0.57,æ,phones,i
0.57,0.66,n,phones,i
0.66,0.81,ʔ,phones,i
0.81,0.99,æ,phones,i
0.99,1.09,n,phones,i
1.09,1.19,d,phones,i
1.4,1.49,w,phones,i
1.49,1.54,ʊ,phones,i
1.54,1.63,m,phones,i
1.63,1.67,ə,phones,i
1.67,1.71,n,phones,i
1.71,1.78,b,phones,i
1.78,1.82,l,phones,i
1.82,1.87,ow,phones,i
1.87,1.94,b,phones,i
1.94,2.0,ɐ,phones,i
2.0,2.08,b,phones,i
2.08,2.15,ɫ̩,phones,i
2.15,2.33,z,phones,i
