Begin,End,Label,Type,Speaker
0.31,0.45,a,words,i
0.45,0.8,man,words,i
0.8,1.23,and,words,i
1.23,1.7,woman,words,i
1.88,2.02,blow,words,i
2.02,2.5,bubbles,words,i
0.31,0.45,ə,phones,i
0.45,0.57,m,phones,i
0.57,0.74,æ,phones,i
0.74,0.8,n,phones,i
0.8,0.91,ʔ,phones,i
0.91,1.03,æ,phones,i
1.03,1.08,n,phones,i
1.08,1.23,d,phones,i
1.23,1.36,w,phones,i
1.36,1.42,ʊ,phones,i
1.42,1.52,m,phones,i
1.52,1.59,ə,phones,i
1.59,1.7,n,phones,i
1.88,1.93,b,phones,i
1.93,1.97,l,phones,i
1.97,2.02,ow,phones,i
2.02,2.1,b,phones,i
2.1,2.18,ɐ,phones,i
2.18,2.26,b,phones,i
2.26,2.32,ɫ̩,phones,i
2.32,2.5,z,phones,i
