Begin,End,Label,Type,Speaker
0.15,0.24,a,words,i
0.24,0.58,man,words,i
0.58,0.82,and,words,i
0.82,1.12,woman,words,i
1.12,1.28,blow,words,i
1.28,1.78,bubbles,words,i
0.15,0.24,ə,phones,i
0.24,0.35,m,phones,i
0.35,0.53,æ,phones,i
0.53,0.58,n,phones,i
0.58,0.64,ʔ,phones,i
0.64,0.72,æ,phones,i
0.72,0.79,n,phones,i
0.79,0.82,d,phones,i
0.82,0.89,w,phones,i
0.89,0.93,ʊ,phones,i
0.93,1.0,m,phones,i
1.0,1.04,ə,phones,i
1.04,1.12,n,phones,i
1.12,1.19,b,phones,i
1.19,1.23,l,phones,i
1.23,1.28,ow,phones,i
1.28,1.36,b,phones,i
1.36,1.43,ɐ,phones,i
1.43,1.51,b,phones,i
1.51,1.6,ɫ̩,phones,i
1.6,1.78,z,phones,i
