Begin,End,Label,Type,Speaker
0.32,0.41,a,words,i
0.41,0.76,man,words,i
0.76,1.01,and,words,i
1.01,1.31,woman,words,i
1.31,1.6,blow,words,i
1.71,2.39,bubbles,words,i
0.32,0.41,ə,phones,i
0.41,0.54,m,phones,i
0.54,0.72,æ,phones,i
0.72,0.76,n,phones,i
0.76,0.81,ʔ,phones,i
0.81,0.9,æ,phones,i
0.9,0.95,n,phones,i
0.95,1.01,d,phones,i
1.01,1.06,w,phones,i
1.06,1.1,ʊ,phones,i
1.1,1.18,m,phones,i
1.18,1.23,ə,phones,i
1.23,1.31,n,phones,i
1.31,1.41,b,phones,i
1.41,1.46,l,phones,i
1.46,1.6,ow,phones,i
1.71,1.76,b,phones,i
1.76,1.89,ɐ,phones,i
1.89,1.96,b,phones,i
1.96,2.1,ɫ̩,phones,i
2.1,2.39,z,phones,i
