Begin,End,Label,Type,Speaker
0.34,0.54,two,words,i
0.54,1.0,bikers,words,i
1.0,1.24,bike,words,i
1.24,1.48,along,words,i
1.48,1.52,the,words,i
1.52,1.83,street,words,i
0.34,0.42,tʰ,phones,i
0.42,0.54,ʉ,phones,i
0.54,0.59,b,phones,i
0.59,0.71,aj,phones,i
0.71,0.81,k,phones,i
0.81,0.9,ɚ,phones,i
0.9,1.0,z,phones,i
1.0,1.05,b,phones,i
1.05,1.14,aj,phones,i
1.14,1.24,k,phones,i
1.24,1.27,ə,phones,i
1.27,1.34,l,phones,i
1.34,1.41,ɒ,phones,i
1.41,1.48,ŋ,phones,i
1.48,1.52,ə,phones,i
1.52,1.55,s,phones,i
1.55,1.65,t,phones,i
1.65,1.7,ɹ,phones,i
1.7,1.77,iː,phones,i
1.77,1.83,ʔ,phones,i
