Begin,End,Label,Type,Speaker
0.14,0.38,two,words,i
0.38,0.81,bikers,words,i
0.81,1.08,bike,words,i
1.11,1.66,along,words,i
1.79,1.88,the,words,i
1.88,2.34,street,words,i
0.14,0.24,tʰ,phones,i
0.24,0.38,ʉ,phones,i
0.38,0.43,b,phones,i
0.43,0.54,aj,phones,i
0.54,0.63,k,phones,i
0.63,0.69,ə,phones,i
0.69,0.81,z,phones,i
0.81,0.85,b,phones,i
0.85,0.97,aj,phones,i
0.97,1.08,k,phones,i
1.11,1.17,ə,phones,i
1.17,1.35,l,phones,i
1.35,1.51,ɒ,phones,i
1.51,1.66,ŋ,phones,i
1.79,1.83,ð,phones,i
1.83,1.88,ə,phones,i
1.88,1.94,s,phones,i
1.94,2.07,t,phones,i
2.07,2.11,ɹ,phones,i
2.11,2.17,iː,phones,i
2.17,2.34,t,phones,i
