Begin,End,Label,Type,Speaker
0.25,0.49,two,words,i
0.49,0.96,bikers,words,i
0.96,1.17,bike,words,i
1.17,1.46,along,words,i
1.46,1.55,the,words,i
1.55,2.36,street,words,i
0.25,0.35,tʰ,phones,i
0.35,0.49,ʉ,phones,i
0.49,0.54,b,phones,i
0.54,0.67,aj,phones,i
0.67,0.75,k,phones,i
0.75,0.85,ɚ,phones,i
0.85,0.96,z,phones,i
0.96,1.0,b,phones,i
1.0,1.08,aj,phones,i
1.08,1.17,k,phones,i
1.17,1.2,ə,phones,i
1.2,1.28,l,phones,i
1.28,1.37,ɒ,phones,i
1.37,1.46,ŋ,phones,i
1.46,1.51,ð,phones,i
1.51,1.55,ə,phones,i
1.55,1.69,s,phones,i
1.69,1.91,t,phones,i
1.91,1.98,ɹ,phones,i
1.98,2.07,iː,phones,i
2.07,2.36,t,phones,i
