Begin,End,Label,Type,Speaker
0.55,0.83,two,words,i
0.83,1.39,bikers,words,i
1.39,1.86,bike,words,i
1.94,2.25,along,words,i
2.25,2.32,the,words,i
2.32,2.61,street,words,i
0.55,0.67,tʰ,phones,i
0.67,0.83,ʉ,phones,i
0.83,0.9,b,phones,i
0.9,1.03,aj,phones,i
1.03,1.14,k,phones,i
1.14,1.22,ɚ,phones,i
1.22,1.39,z,phones,i
1.39,1.44,b,phones,i
1.44,1.62,aj,phones,i
1.62,1.86,k,phones,i
1.94,2.05,ə,phones,i
2.05,2.11,l,phones,i
2.11,2.16,ɒ,phones,i
2.16,2.25,ŋ,phones,i
2.25,2.28,ð,phones,i
2.28,2.32,ə,phones,i
2.32,2.38,s,phones,i
2.38,2.46,t,phones,i
2.46,2.52,ɹ,phones,i
2.52,2.55,iː,phones,i
2.55,2.61,ʔ,phones,i
