Begin,End,Label,Type,Speaker
0.33,0.55,two,words,i
0.55,0.97,bikers,words,i
0.97,1.19,bike,words,i
1.19,1.57,along,words,i
1.61,1.84,the,words,i
1.87,2.39,street,words,i
0.33,0.43,tʰ,phones,i
0.43,0.55,ʉ,phones,i
0.55,0.62,b,phones,i
0.62,0.73,aj,phones,i
0.73,0.81,k,phones,i
0.81,0.88,ɚ,phones,i
0.88,0.97,z,phones,i
0.97,1.02,b,phones,i
1.02,1.11,aj,phones,i
1.11,1.19,k,phones,i
1.19,1.23,ə,phones,i
1.23,1.32,l,phones,i
1.32,1.41,ɒ,phones,i
1.41,1.57,ŋ,phones,i
1.61,1.66,ð,phones,i
1.66,1.84,ə,phones,i
1.87,1.93,s,phones,i
1.93,2.09,t,phones,i
2.09,2.14,ɹ,phones,i
2.14,2.18,iː,phones,i
2.18,2.39,t,phones,i
