Begin,End,Label,Type,Speaker
0.35,0.72,two,words,i
0.84,1.64,bikers,words,i
1.69,1.92,bike,words,i
1.92,2.13,along,words,i
2.13,2.19,the,words,i
2.19,2.49,street,words,i
0.35,0.46,tʰ,phones,i
0.46,0.72,ʉ,phones,i
0.84,0.89,b,phones,i
0.89,1.1,aj,phones,i
1.1,1.26,k,phones,i
1.26,1.46,ɚ,phones,i
1.46,1.64,z,phones,i
1.69,1.73,b,phones,i
1.73,1.82,aj,phones,i
1.82,1.92,k,phones,i
1.92,1.95,ə,phones,i
1.95,2.01,l,phones,i
2.01,2.07,ɒ,phones,i
2.07,2.13,ŋ,phones,i
2.13,2.16,ð,phones,i
2.16,2.19,ə,phones,i
2.19,2.25,s,phones,i
2.25,2.34,t,phones,i
2.34,2.38,ɹ,phones,i
2.38,2.42,iː,phones,i
2.42,2.49,ʔ,phones,i
