Begin,End,Label,Type,Speaker
0.62,1.28,two,words,i
1.35,1.77,bikers,words,i
1.77,1.98,bike,words,i
1.98,2.2,along,words,i
2.2,2.26,the,words,i
2.26,2.64,street,words,i
0.62,0.8,tʰ,phones,i
0.8,1.28,ʉ,phones,i
1.35,1.4,b,phones,i
1.4,1.51,aj,phones,i
1.51,1.62,k,phones,i
1.62,1.69,ɚ,phones,i
1.69,1.77,z,phones,i
1.77,1.82,b,phones,i
1.82,1.9,aj,phones,i
1.9,1.98,k,phones,i
1.98,2.01,ə,phones,i
2.01,2.07,l,phones,i
2.07,2.12,ɒ,phones,i
2.12,2.2,ŋ,phones,i
2.2,2.23,ð,phones,i
2.23,2.26,ə,phones,i
2.26,2.33,s,phones,i
2.33,2.42,t,phones,i
2.42,2.45,ɹ,phones,i
2.45,2.52,iː,phones,i
2.52,2.64,ʔ,phones,i
