Begin,End,Label,Type,Speaker
0.32,0.65,three,words,i
0.65,1.24,dogs,words,i
1.42,1.59,run,words,i
1.59,1.86,across,words,i
1.86,1.96,the,words,i
1.96,4.44,track,words,i
0.32,0.45,θ,phones,i
0.45,0.53,ɹ,phones,i
0.53,0.65,iː,phones,i
0.65,0.8,d,phones,i
0.8,0.99,ɒ,phones,i
0.99,1.11,ɡ,phones,i
1.11,1.24,z,phones,i
1.42,1.49,ɹ,phones,i
1.49,1.52,ɐ,phones,i
1.52,1.59,n,phones,i
1.59,1.66,ə,phones,i
1.66,1.71,k,phones,i
1.71,1.74,ɹ,phones,i
1.74,1.79,ɒ,phones,i
1.79,1.86,s,phones,i
1.86,1.89,ð,phones,i
1.89,1.96,ə,phones,i
1.96,2.02,t,phones,i
2.02,2.06,ɹ,phones,i
2.06,2.19,æ,phones,i
2.19,4.44,k,phones,i
