Begin,End,Label,Type,Speaker
0.21,0.46,three,words,i
0.46,0.76,dogs,words,i
0.76,0.96,run,words,i
0.96,1.66,across,words,i
1.79,1.93,the,words,i
1.93,4.32,track,words,i
0.21,0.33,θ,phones,i
0.33,0.37,ɹ,phones,i
0.37,0.46,iː,phones,i
0.46,0.53,d,phones,i
0.53,0.63,ɒ,phones,i
0.63,0.7,ɡ,phones,i
0.7,0.76,z,phones,i
0.76,0.82,ɹ,phones,i
0.82,0.87,ɐ,phones,i
0.87,0.96,n,phones,i
0.96,1.13,ə,phones,i
1.13,1.28,k,phones,i
1.28,1.34,ɹ,phones,i
1.34,1.46,ɒ,phones,i
1.46,1.66,s,phones,i
1.79,1.84,ð,phones,i
1.84,1.93,ə,phones,i
1.93,2.02,t,phones,i
2.02,2.06,ɹ,phones,i
2.06,2.15,æ,phones,i
2.15,4.32,k,phones,i
