Begin,End,Label,Type,Speaker
0.25,0.53,three,words,i
0.53,0.88,dogs,words,i
0.88,1.04,run,words,i
1.04,1.35,across,words,i
1.35,1.45,the,words,i
1.45,3.78,track,words,i
0.25,0.36,θ,phones,i
0.36,0.42,ɹ,phones,i
0.42,0.53,iː,phones,i
0.53,0.62,d,phones,i
0.62,0.75,ɒ,phones,i
0.75,0.82,ɡ,phones,i
0.82,0.88,z,phones,i
0.88,0.94,ɹ,phones,i
0.94,0.98,ɐ,phones,i
0.98,1.04,n,phones,i
1.04,1.12,ə,phones,i
1.12,1.17,k,phones,i
1.17,1.21,ɹ,phones,i
1.21,1.27,ɒ,phones,i
1.27,1.35,s,phones,i
1.35,1.39,ð,phones,i
1.39,1.45,ə,phones,i
1.45,1.52,t,phones,i
1.52,1.56,ɹ,phones,i
1.56,1.68,æ,phones,i
1.68,3.78,k,phones,i
