Begin,End,Label,Type,Speaker
0.41,0.79,three,words,i
0.98,1.32,dogs,words,i
1.32,1.49,run,words,i
1.49,1.76,across,words,i
1.76,1.85,the,words,i
1.85,4.14,track,words,i
0.41,0.44,θ,phones,i
0.44,0.5,ɹ,phones,i
0.5,0.79,iː,phones,i
0.98,1.03,d,phones,i
1.03,1.17,ɒ,phones,i
1.17,1.24,ɡ,phones,i
1.24,1.32,z,phones,i
1.32,1.39,ɹ,phones,i
1.39,1.43,ɐ,phones,i
1.43,1.49,n,phones,i
1.49,1.55,ə,phones,i
1.55,1.62,k,phones,i
1.62,1.65,ɹ,phones,i
1.65,1.7,ɒ,phones,i
1.7,1.76,s,phones,i
1.76,1.8,ð,phones,i
1.8,1.85,ə,phones,i
1.85,1.93,t,phones,i
1.93,1.96,ɹ,phones,i
1.96,2.07,æ,phones,i
2.07,4.14,k,phones,i
