Begin,End,Label,Type,Speaker
0.26,0.61,three,words,i
0.61,0.97,dogs,words,i
0.97,1.36,run,words,i
1.63,1.87,across,words,i
1.87,1.95,the,words,i
1.95,4.44,track,words,i
0.26,0.44,θ,phones,i
0.44,0.49,ɹ,phones,i
0.49,0.61,iː,phones,i
0.61,0.69,d,phones,i
0.69,0.81,ɒ,phones,i
0.81,0.89,ɡ,phones,i
0.89,0.97,z,phones,i
0.97,1.13,ɹ,phones,i
1.13,1.22,ɐ,phones,i
1.22,1.36,n,phones,i
1.63,1.66,ə,phones,i
1.66,1.69,k,phones,i
1.69,1.72,ɹ,phones,i
1.72,1.78,ɒ,phones,i
1.78,1.87,s,phones,i
1.87,1.9,ð,phones,i
1.9,1.95,ə,phones,i
1.95,2.03,t,phones,i
2.03,2.07,ɹ,phones,i
2.07,2.17,æ,phones,i
2.17,4.44,k,phones,i
