Begin,End,Label,Type,Speaker
0.18,0.46,three,words,i
0.46,0.73,dogs,words,i
0.73,0.86,run,words,i
0.86,1.19,across,words,i
1.19,1.35,the,words,i
1.35,4.2,track,words,i
0.18,0.33,θ,phones,i
0.33,0.37,ɹ,phones,i
0.37,0.46,iː,phones,i
0.46,0.53,d,phones,i
0.53,0.64,ɒ,phones,i
0.64,0.7,ɡ,phones,i
0.7,0.73,z,phones,i
0.73,0.77,ɹ,phones,i
0.77,0.8,ɐ,phones,i
0.8,0.86,n,phones,i
0.86,0.93,ə,phones,i
0.93,0.99,k,phones,i
0.99,1.03,ɹ,phones,i
1.03,1.1,ɒ,phones,i
1.1,1.19,s,phones,i
1.19,1.28,ð,phones,i
1.28,1.35,ə,phones,i
1.35,1.54,t,phones,i
1.54,1.6,ɹ,phones,i
1.6,1.78,æ,phones,i
1.78,4.2,k,phones,i
