Begin,End,Label,Type,Speaker
0.2,0.45,three,words,i
0.45,0.71,dogs,words,i
0.71,0.85,run,words,i
0.85,1.23,across,words,i
1.23,1.6,the,words,i
1.8,4.38,track,words,i
0.2,0.34,θ,phones,i
0.34,0.37,ɹ,phones,i
0.37,0.45,iː,phones,i
0.45,0.51,d,phones,i
0.51,0.61,ɒ,phones,i
0.61,0.68,ɡ,phones,i
0.68,0.71,z,phones,i
0.71,0.76,ɹ,phones,i
0.76,0.79,ɐ,phones,i
0.79,0.85,n,phones,i
0.85,0.92,ə,phones,i
0.92,0.99,k,phones,i
0.99,1.03,ɹ,phones,i
1.03,1.1,ɒ,phones,i
1.1,1.23,s,phones,i
1.23,1.4,ð,phones,i
1.4,1.6,ə,phones,i
1.8,1.88,t,phones,i
1.88,1.92,ɹ,phones,i
1.92,2.05,æ,phones,i
2.05,4.38,k,phones,i
