Begin,End,Label,Type,Speaker
0.32,0.5,a,words,i
0.5,0.75,dog,words,i
0.75,0.84,is,words,i
0.84,1.29,shaking,words,i
1.38,1.77,off,words,i
1.93,4.56,water,words,i
0.32,0.5,ə,phones,i
0.5,0.55,d,phones,i
0.55,0.66,ɒ,phones,i
0.66,0.75,ɡ,phones,i
0.75,0.81,ɪ,phones,i
0.81,0.84,z,phones,i
0.84,0.95,ʃ,phones,i
0.95,1.04,ej,phones,i
1.04,1.12,c,phones,i
1.12,1.18,ɪ,phones,i
1.18,1.29,ŋ,phones,i
1.38,1.56,ɒ,phones,i
1.56,1.77,f,phones,i
1.93,2.02,w,phones,i
2.02,2.11,ɒː,phones,i
2.11,2.23,t,phones,i
2.23,4.56,ə,phones,i
