Begin,End,Label,Type,Speaker
0.33,0.68,a,words,i
0.77,1.01,dog,words,i
1.01,1.1,is,words,i
1.1,1.45,shaking,words,i
1.45,1.6,off,words,i
1.6,3.9,water,words,i
0.33,0.68,ej,phones,i
0.77,0.82,d,phones,i
0.82,0.93,ɒ,phones,i
0.93,1.01,ɡ,phones,i
1.01,1.06,ɪ,phones,i
1.06,1.1,z,phones,i
1.1,1.19,ʃ,phones,i
1.19,1.27,ej,phones,i
1.27,1.36,c,phones,i
1.36,1.39,ɪ,phones,i
1.39,1.45,ŋ,phones,i
1.45,1.53,ɒ,phones,i
1.53,1.6,f,phones,i
1.6,1.66,w,phones,i
1.66,1.73,ɒː,phones,i
1.73,1.83,t,phones,i
1.83,3.9,ə,phones,i
