Begin,End,Label,Type,Speaker
0.34,0.51,a,words,i
0.65,1.06,dog,words,i
1.17,1.33,is,words,i
1.33,1.73,shaking,words,i
1.73,1.85,off,words,i
1.85,4.38,water,words,i
0.34,0.51,ɒ,phones,i
0.65,0.7,d,phones,i
0.7,0.94,ɒ,phones,i
0.94,1.06,ɡ,phones,i
1.17,1.3,ɪ,phones,i
1.3,1.33,z,phones,i
1.33,1.44,ʃ,phones,i
1.44,1.53,ej,phones,i
1.53,1.61,c,phones,i
1.61,1.65,ɪ,phones,i
1.65,1.73,ŋ,phones,i
1.73,1.78,ɒ,phones,i
1.78,1.85,f,phones,i
1.85,1.91,w,phones,i
1.91,1.99,ɒː,phones,i
1.99,2.09,t,phones,i
2.09,4.38,ə,phones,i
