Begin,End,Label,Type,Speaker
0.39,0.56,a,words,i
0.56,0.84,dog,words,i
0.84,0.91,is,words,i
0.91,1.34,shaking,words,i
1.34,1.48,off,words,i
1.48,3.78,water,words,i
0.39,0.56,ə,phones,i
0.56,0.61,d,phones,i
0.61,0.75,ɒ,phones,i
0.75,0.84,ɡ,phones,i
0.84,0.88,ɪ,phones,i
0.88,0.91,z,phones,i
0.91,1.04,ʃ,phones,i
1.04,1.14,ej,phones,i
1.14,1.22,c,phones,i
1.22,1.26,ɪ,phones,i
1.26,1.34,ŋ,phones,i
1.34,1.4,ɒ,phones,i
1.4,1.48,f,phones,i
1.48,1.54,w,phones,i
1.54,1.63,ɒː,phones,i
1.63,1.72,t,phones,i
1.72,3.78,ə,phones,i
