Begin,End,Label,Type,Speaker
0.37,0.51,a,words,i
0.51,0.84,dog,words,i
0.84,0.94,is,words,i
0.94,1.59,shaking,words,i
1.71,1.94,off,words,i
1.94,4.44,water,words,i
0.37,0.51,ə,phones,i
0.51,0.63,d,phones,i
0.63,0.74,ɒ,phones,i
0.74,0.84,ɡ,phones,i
0.84,0.91,ɪ,phones,i
0.91,0.94,z,phones,i
0.94,1.14,ʃ,phones,i
1.14,1.28,ej,phones,i
1.28,1.39,c,phones,i
1.39,1.46,ɪ,phones,i
1.46,1.59,ŋ,phones,i
1.71,1.84,ɒ,phones,i
1.84,1.94,f,phones,i
1.94,2.0,w,phones,i
2.0,2.08,ɒː,phones,i
2.08,2.2,t,phones,i
2.2,4.44,ə,phones,i
