Begin,End,Label,Type,Speaker
0.46,0.65,a,words,i
0.65,0.93,dog,words,i
1.01,1.39,is,words,i
1.49,1.9,shaking,words,i
1.9,2.04,off,words,i
2.04,4.56,water,words,i
0.46,0.65,ə,phones,i
0.65,0.71,d,phones,i
0.71,0.84,ɒ,phones,i
0.84,0.93,ɡ,phones,i
1.01,1.23,ɪ,phones,i
1.23,1.39,z,phones,i
1.49,1.63,ʃ,phones,i
1.63,1.71,ej,phones,i
1.71,1.8,c,phones,i
1.8,1.84,ɪ,phones,i
1.84,1.9,ŋ,phones,i
1.9,1.96,ɒ,phones,i
1.96,2.04,f,phones,i
2.04,2.09,w,phones,i
2.09,2.17,ɒː,phones,i
2.17,2.27,t,phones,i
2.27,4.56,ə,phones,i
