Begin,End,Label,Type,Speaker
0.18,0.33,a,words,i
0.33,0.58,dog,words,i
0.58,0.91,sprints,words,i
0.91,1.34,across,words,i
1.34,1.83,the,words,i
1.94,2.49,grass,words,i
0.18,0.33,ə,phones,i
0.33,0.38,d,phones,i
0.38,0.51,ɒ,phones,i
0.51,0.58,ɡ,phones,i
0.58,0.63,s,phones,i
0.63,0.71,p,phones,i
0.71,0.75,ɹ,phones,i
0.75,0.79,ɪ,phones,i
0.79,0.83,n,phones,i
0.83,0.86,t,phones,i
0.86,0.91,s,phones,i
0.91,1.0,ə,phones,i
1.0,1.09,k,phones,i
1.09,1.14,ɹ,phones,i
1.14,1.21,ɒ,phones,i
1.21,1.34,s,phones,i
1.34,1.55,ð,phones,i
1.55,1.83,ə,phones,i
1.94,1.97,ɟ,phones,i
1.97,2.05,ɹ,phones,i
2.05,2.25,æ,phones,i
2.25,2.49,s,phones,i
