Begin,End,Label,Type,Speaker
0.28,0.8,a,words,i
0.89,1.13,dog,words,i
1.13,1.48,sprints,words,i
1.48,1.79,across,words,i
1.79,1.88,the,words,i
1.88,2.31,grass,words,i
0.28,0.8,ej,phones,i
0.89,0.94,d,phones,i
0.94,1.06,ɒ,phones,i
1.06,1.13,ɡ,phones,i
1.13,1.19,s,phones,i
1.19,1.28,p,phones,i
1.28,1.32,ɹ,phones,i
1.32,1.37,ɪ,phones,i
1.37,1.4,n,phones,i
1.4,1.43,t,phones,i
1.43,1.48,s,phones,i
1.48,1.54,ə,phones,i
1.54,1.61,k,phones,i
1.61,1.65,ɹ,phones,i
1.65,1.71,ɒ,phones,i
1.71,1.79,s,phones,i
1.79,1.84,ð,phones,i
1.84,1.88,ə,phones,i
1.88,1.93,ɟ,phones,i
1.93,1.99,ɹ,phones,i
1.99,2.14,æ,phones,i
2.14,2.31,s,phones,i
