Begin,End,Label,Type,Speaker
0.21,0.39,a,words,i
0.39,0.64,dog,words,i
0.64,1.47,sprints,words,i
1.53,1.91,across,words,i
1.91,1.99,the,words,i
1.99,2.47,grass,words,i
0.21,0.39,ə,phones,i
0.39,0.44,d,phones,i
0.44,0.57,ɒ,phones,i
0.57,0.64,ɡ,phones,i
0.64,0.76,s,phones,i
0.76,0.91,p,phones,i
0.91,1.0,ɹ,phones,i
1.0,1.13,ɪ,phones,i
1.13,1.2,n,phones,i
1.2,1.27,t,phones,i
1.27,1.47,s,phones,i
1.53,1.64,ə,phones,i
1.64,1.73,k,phones,i
1.73,1.77,ɹ,phones,i
1.77,1.82,ɒ,phones,i
1.82,1.91,s,phones,i
1.91,1.94,ð,phones,i
1.94,1.99,ə,phones,i
1.99,2.03,ɟ,phones,i
2.03,2.09,ɹ,phones,i
2.09,2.26,æ,phones,i
2.26,2.47,s,phones,i
