Begin,End,Label,Type,Speaker
0.23,0.42,a,words,i
0.42,0.68,dog,words,i
0.68,1.0,sprints,words,i
1.0,1.33,across,words,i
1.33,1.44,the,words,i
1.44,1.87,grass,words,i
0.23,0.42,ə,phones,i
0.42,0.46,d,phones,i
0.46,0.62,ɒ,phones,i
0.62,0.68,ɡ,phones,i
0.68,0.73,s,phones,i
0.73,0.82,p,phones,i
0.82,0.85,ɹ,phones,i
0.85,0.89,ɪ,phones,i
0.89,0.92,n,phones,i
0.92,0.96,t,phones,i
0.96,1.0,s,phones,i
1.0,1.09,ə,phones,i
1.09,1.16,k,phones,i
1.16,1.2,ɹ,phones,i
1.2,1.25,ɒ,phones,i
1.25,1.33,s,phones,i
1.33,1.37,ð,phones,i
1.37,1.44,ə,phones,i
1.44,1.48,ɟ,phones,i
1.48,1.54,ɹ,phones,i
1.54,1.69,æ,phones,i
1.69,1.87,s,phones,i
