Begin,End,Label,Type,Speaker
0.25,0.42,a,words,i
0.42,0.66,dog,words,i
0.66,1.03,sprints,words,i
1.03,1.83,across,words,i
1.95,2.06,the,words,i
2.06,2.53,grass,words,i
0.25,0.42,ə,phones,i
0.42,0.47,d,phones,i
0.47,0.59,ɒ,phones,i
0.59,0.66,ɡ,phones,i
0.66,0.71,s,phones,i
0.71,0.82,p,phones,i
0.82,0.86,ɹ,phones,i
0.86,0.9,ɪ,phones,i
0.9,0.94,n,phones,i
0.94,0.98,t,phones,i
0.98,1.03,s,phones,i
1.03,1.13,ə,phones,i
1.13,1.3,k,phones,i
1.3,1.37,ɹ,phones,i
1.37,1.52,ɒ,phones,i
1.52,1.83,s,phones,i
1.95,2.0,ð,phones,i
2.0,2.06,ə,phones,i
2.06,2.12,ɟ,phones,i
2.12,2.19,ɹ,phones,i
2.19,2.3,æ,phones,i
2.3,2.53,s,phones,i
