Begin,End,Label,Type,Speaker
0.46,0.58,a,words,i
0.58,1.16,dog,words,i
1.26,1.66,sprints,words,i
1.66,1.97,across,words,i
1.97,2.06,the,words,i
2.06,2.5,grass,words,i
0.46,0.58,ə,phones,i
0.58,0.73,d,phones,i
0.73,1.04,ɒ,phones,i
1.04,1.16,ɡ,phones,i
1.26,1.36,s,phones,i
1.36,1.45,p,phones,i
1.45,1.5,ɹ,phones,i
1.5,1.54,ɪ,phones,i
1.54,1.57,n,phones,i
1.57,1.61,t,phones,i
1.61,1.66,s,phones,i
1.66,1.74,ə,phones,i
1.74,1.79,k,phones,i
1.79,1.83,ɹ,phones,i
1.83,1.88,ɒ,phones,i
1.88,1.97,s,phones,i
1.97,2.0,ð,phones,i
2.0,2.06,ə,phones,i
2.06,2.1,ɟ,phones,i
2.1,2.15,ɹ,phones,i
2.15,2.31,æ,phones,i
2.31,2.5,s,phones,i
