Begin,End,Label,Type,Speaker
0.25,0.36,a,words,i
0.36,0.97,dog,words,i
1.1,1.33,plays,words,i
1.33,1.42,in,words,i
1.42,1.49,the,words,i
1.49,1.79,snow,words,i
0.25,0.36,ə,phones,i
0.36,0.53,d,phones,i
0.53,0.85,ɒ,phones,i
0.85,0.97,ɡ,phones,i
1.1,1.15,p,phones,i
1.15,1.19,l,phones,i
1.19,1.27,ej,phones,i
1.27,1.33,z,phones,i
1.33,1.37,ɪ,phones,i
1.37,1.42,n,phones,i
1.42,1.46,ð,phones,i
1.46,1.49,ə,phones,i
1.49,1.61,s,phones,i
1.61,1.65,n,phones,i
1.65,1.79,ow,phones,i
