Begin,End,Label,Type,Speaker
0.12,0.23,a,words,i
0.23,0.59,dog,words,i
0.59,1.24,plays,words,i
1.24,1.44,in,words,i
1.44,1.5,the,words,i
1.5,1.83,snow,words,i
0.12,0.23,ə,phones,i
0.23,0.33,d,phones,i
0.33,0.47,ɒ,phones,i
0.47,0.59,ɡ,phones,i
0.59,0.74,p,phones,i
0.74,0.8,l,phones,i
0.8,1.11,ej,phones,i
1.11,1.24,z,phones,i
1.24,1.36,ɪ,phones,i
1.36,1.44,n,phones,i
1.44,1.47,ð,phones,i
1.47,1.5,ə,phones,i
1.5,1.63,s,phones,i
1.63,1.67,n,phones,i
1.67,1.83,ow,phones,i
