Begin,End,Label,Type,Speaker
0.31,0.71,a,words,i
0.77,1.01,dog,words,i
1.01,1.25,plays,words,i
1.25,1.36,in,words,i
1.36,1.43,the,words,i
1.43,1.72,snow,words,i
0.31,0.71,ej,phones,i
0.77,0.82,d,phones,i
0.82,0.93,ɒ,phones,i
0.93,1.01,ɡ,phones,i
1.01,1.07,p,phones,i
1.07,1.1,l,phones,i
1.1,1.18,ej,phones,i
1.18,1.25,z,phones,i
1.25,1.28,ɪ,phones,i
1.28,1.36,n,phones,i
1.36,1.39,ð,phones,i
1.39,1.43,ə,phones,i
1.43,1.53,s,phones,i
1.53,1.57,n,phones,i
1.57,1.72,ow,phones,i
