Begin,End,Label,Type,Speaker
0.44,0.64,a,words,i
0.64,0.93,dog,words,i
0.93,1.22,plays,words,i
1.22,1.32,in,words,i
1.32,1.39,the,words,i
1.39,1.72,snow,words,i
0.44,0.64,ə,phones,i
0.64,0.69,d,phones,i
0.69,0.84,ɒ,phones,i
0.84,0.93,ɡ,phones,i
0.93,1.01,p,phones,i
1.01,1.05,l,phones,i
1.05,1.14,ej,phones,i
1.14,1.22,z,phones,i
1.22,1.25,ɪ,phones,i
1.25,1.32,n,phones,i
1.32,1.35,ð,phones,i
1.35,1.39,ə,phones,i
1.39,1.5,s,phones,i
1.5,1.54,n,phones,i
1.54,1.72,ow,phones,i
