Begin,End,Label,Type,Speaker
0.17,0.31,a,words,i
0.31,0.55,dog,words,i
0.55,0.86,plays,words,i
0.94,1.29,in,words,i
1.48,1.59,the,words,i
1.59,1.93,snow,words,i
0.17,0.31,ə,phones,i
0.31,0.35,d,phones,i
0.35,0.47,ɒ,phones,i
0.47,0.55,ɡ,phones,i
0.55,0.62,p,phones,i
0.62,0.65,l,phones,i
0.65,0.75,ej,phones,i
0.75,0.86,z,phones,i
0.94,1.11,ɪ,phones,i
1.11,1.29,n,phones,i
1.48,1.53,ð,phones,i
1.53,1.59,ə,phones,i
1.59,1.72,s,phones,i
1.72,1.77,n,phones,i
1.77,1.93,ow,phones,i
