Begin,End,Label,Type,Speaker
0.33,0.42,the,words,i
0.42,1.23,motorcyclist,words,i
1.23,1.48,has,words,i
1.48,1.71,reached,words,i
1.71,1.77,the,words,i
1.77,2.14,summit,words,i
0.33,0.37,ð,phones,i
0.37,0.42,ə,phones,i
0.42,0.51,m,phones,i
0.51,0.59,əw,phones,i
0.59,0.66,t,phones,i
0.66,0.7,ə,phones,i
0.7,0.81,s,phones,i
0.81,0.91,aj,phones,i
0.91,1.0,c,phones,i
1.0,1.07,ʎ,phones,i
1.07,1.14,ɪ,phones,i
1.14,1.2,s,phones,i
1.2,1.23,t,phones,i
1.23,1.29,h,phones,i
1.29,1.35,æ,phones,i
1.35,1.48,z,phones,i
1.48,1.52,ɹ,phones,i
1.52,1.57,iː,phones,i
1.57,1.68,tʃ,phones,i
1.68,1.71,t,phones,i
1.71,1.74,ð,phones,i
1.74,1.77,ə,phones,i
1.77,1.89,s,phones,i
1.89,1.96,ɐ,phones,i
1.96,2.04,m,phones,i
2.04,2.08,ɪ,phones,i
2.08,2.14,ʔ,phones,i
