Begin,End,Label,Type,Speaker
0.25,0.33,the,words,i
0.33,1.24,motorcyclist,words,i
1.24,1.82,has,words,i
1.85,2.09,reached,words,i
2.09,2.16,the,words,i
2.16,2.48,summit,words,i
0.25,0.29,ð,phones,i
0.29,0.33,ə,phones,i
0.33,0.44,m,phones,i
0.44,0.51,əw,phones,i
0.51,0.59,t,phones,i
0.59,0.63,ə,phones,i
0.63,0.73,s,phones,i
0.73,0.81,aj,phones,i
0.81,0.9,c,phones,i
0.9,0.97,ʎ,phones,i
0.97,1.02,ɪ,phones,i
1.02,1.13,s,phones,i
1.13,1.24,t,phones,i
1.24,1.4,h,phones,i
1.4,1.61,æ,phones,i
1.61,1.82,z,phones,i
1.85,1.95,ɹ,phones,i
1.95,2.0,iː,phones,i
2.0,2.05,tʃ,phones,i
2.05,2.09,t,phones,i
2.09,2.12,ð,phones,i
2.12,2.16,ə,phones,i
2.16,2.26,s,phones,i
2.26,2.33,ɐ,phones,i
2.33,2.41,m,phones,i
2.41,2.44,ɪ,phones,i
2.44,2.48,ʔ,phones,i
