Begin,End,Label,Type,Speaker
0.35,0.53,the,words,i
0.53,1.66,motorcyclist,words,i
1.77,1.96,has,words,i
1.96,2.19,reached,words,i
2.19,2.22,the,words,i
2.22,2.59,summit,words,i
0.35,0.47,ð,phones,i
0.47,0.53,ə,phones,i
0.53,0.7,m,phones,i
0.7,0.82,əw,phones,i
0.82,0.91,t,phones,i
0.91,0.96,ə,phones,i
0.96,1.07,s,phones,i
1.07,1.17,aj,phones,i
1.17,1.28,c,phones,i
1.28,1.4,ʎ,phones,i
1.4,1.45,ɪ,phones,i
1.45,1.57,s,phones,i
1.57,1.66,t,phones,i
1.77,1.82,h,phones,i
1.82,1.88,æ,phones,i
1.88,1.96,z,phones,i
1.96,2.03,ɹ,phones,i
2.03,2.07,iː,phones,i
2.07,2.16,tʃ,phones,i
2.16,2.19,t,phones,i
2.19,2.22,ə,phones,i
2.22,2.32,s,phones,i
2.32,2.4,ɐ,phones,i
2.4,2.49,m,phones,i
2.49,2.52,ɪ,phones,i
2.52,2.59,ʔ,phones,i
