Begin,End,Label,Type,Speaker
0.33,0.42,the,words,i
0.42,1.19,motorcyclist,words,i
1.19,1.49,has,words,i
1.49,2.07,reached,words,i
2.22,2.35,the,words,i
2.35,2.72,summit,words,i
0.33,0.38,ð,phones,i
0.38,0.42,ə,phones,i
0.42,0.51,m,phones,i
0.51,0.59,əw,phones,i
0.59,0.65,t,phones,i
0.65,0.7,ə,phones,i
0.7,0.8,s,phones,i
0.8,0.9,aj,phones,i
0.9,0.98,c,phones,i
0.98,1.03,ʎ,phones,i
1.03,1.09,ɪ,phones,i
1.09,1.16,s,phones,i
1.16,1.19,t,phones,i
1.19,1.27,h,phones,i
1.27,1.35,æ,phones,i
1.35,1.49,z,phones,i
1.49,1.66,ɹ,phones,i
1.66,1.77,iː,phones,i
1.77,1.98,tʃ,phones,i
1.98,2.07,t,phones,i
2.22,2.29,ð,phones,i
2.29,2.35,ə,phones,i
2.35,2.47,s,phones,i
2.47,2.54,ɐ,phones,i
2.54,2.61,m,phones,i
2.61,2.64,ɪ,phones,i
2.64,2.72,ʔ,phones,i
