Begin,End,Label,Type,Speaker
0.4,0.86,the,words,i
0.92,1.7,motorcyclist,words,i
1.7,1.93,has,words,i
1.93,2.08,reached,words,i
2.08,2.17,the,words,i
2.17,2.52,summit,words,i
0.4,0.59,l,phones,i
0.59,0.86,ə,phones,i
0.92,1.03,m,phones,i
1.03,1.09,əw,phones,i
1.09,1.16,t,phones,i
1.16,1.21,ə,phones,i
1.21,1.32,s,phones,i
1.32,1.4,aj,phones,i
1.4,1.49,c,phones,i
1.49,1.56,ʎ,phones,i
1.56,1.6,ɪ,phones,i
1.6,1.67,s,phones,i
1.67,1.7,t,phones,i
1.7,1.73,h,phones,i
1.73,1.8,æ,phones,i
1.8,1.93,z,phones,i
1.93,1.97,ɹ,phones,i
1.97,2.0,iː,phones,i
2.0,2.05,tʃ,phones,i
2.05,2.08,t,phones,i
2.08,2.13,s,phones,i
2.13,2.17,ə,phones,i
2.17,2.26,s,phones,i
2.26,2.33,ɐ,phones,i
2.33,2.41,m,phones,i
2.41,2.47,ɪ,phones,i
2.47,2.52,ʔ,phones,i
