Begin,End,Label,Type,Speaker
0.39,0.48,the,words,i
0.48,1.29,motorcyclist,words,i
1.29,1.56,has,words,i
1.56,1.94,reached,words,i
1.97,2.44,the,words,i
2.53,2.94,summit,words,i
0.39,0.44,ð,phones,i
0.44,0.48,ə,phones,i
0.48,0.61,m,phones,i
0.61,0.69,əw,phones,i
0.69,0.76,t,phones,i
0.76,0.81,ə,phones,i
0.81,0.92,s,phones,i
0.92,1.01,aj,phones,i
1.01,1.1,c,phones,i
1.1,1.14,ʎ,phones,i
1.14,1.18,ɪ,phones,i
1.18,1.26,s,phones,i
1.26,1.29,t,phones,i
1.29,1.35,h,phones,i
1.35,1.42,æ,phones,i
1.42,1.56,z,phones,i
1.56,1.62,ɹ,phones,i
1.62,1.72,iː,phones,i
1.72,1.83,tʃ,phones,i
1.83,1.94,t,phones,i
1.97,2.17,l,phones,i
2.17,2.44,ə,phones,i
2.53,2.72,s,phones,i
2.72,2.81,ɐ,phones,i
2.81,2.88,m,phones,i
2.88,2.91,ɪ,phones,i
2.91,2.94,t,phones,i
