Begin,End,Label,Type,Speaker
0.11,0.5,children,words,i
0.5,0.97,in,words,i
1.16,1.68,uniforms,words,i
1.68,1.95,chase,words,i
1.95,2.39,pigeons,words,i
0.11,0.21,tʃ,phones,i
0.21,0.25,ɪ,phones,i
0.25,0.31,ɫ,phones,i
0.31,0.36,d,phones,i
0.36,0.43,ɹ,phones,i
0.43,0.5,n̩,phones,i
0.5,0.61,ʔ,phones,i
0.61,0.8,ɪ,phones,i
0.8,0.97,n,phones,i
1.16,1.24,j,phones,i
1.24,1.29,ʉː,phones,i
1.29,1.32,n,phones,i
1.32,1.36,ə,phones,i
1.36,1.46,f,phones,i
1.46,1.5,ɒ,phones,i
1.5,1.56,ɹ,phones,i
1.56,1.62,m,phones,i
1.62,1.68,z,phones,i
1.68,1.77,tʃ,phones,i
1.77,1.85,ej,phones,i
1.85,1.95,s,phones,i
1.95,2.0,pʰ,phones,i
2.0,2.05,ɪ,phones,i
2.05,2.13,dʒ,phones,i
2.13,2.18,ə,phones,i
2.18,2.26,n,phones,i
2.26,2.39,z,phones,i
