Begin,End,Label,Type,Speaker
0.2,0.63,children,words,i
0.63,0.91,in,words,i
0.91,1.86,uniforms,words,i
1.9,2.25,chase,words,i
2.25,2.73,pigeons,words,i
0.2,0.3,tʃ,phones,i
0.3,0.34,ɪ,phones,i
0.34,0.41,ɫ,phones,i
0.41,0.47,d,phones,i
0.47,0.55,ɹ,phones,i
0.55,0.63,n̩,phones,i
0.63,0.79,ɪ,phones,i
0.79,0.91,n,phones,i
0.91,1.09,j,phones,i
1.09,1.14,ʉː,phones,i
1.14,1.18,n,phones,i
1.18,1.24,ə,phones,i
1.24,1.39,f,phones,i
1.39,1.47,ɒ,phones,i
1.47,1.57,ɹ,phones,i
1.57,1.7,m,phones,i
1.7,1.86,z,phones,i
1.9,2.04,tʃ,phones,i
2.04,2.13,ej,phones,i
2.13,2.25,s,phones,i
2.25,2.29,pʰ,phones,i
2.29,2.36,ɪ,phones,i
2.36,2.44,dʒ,phones,i
2.44,2.5,ə,phones,i
2.5,2.58,n,phones,i
2.58,2.73,z,phones,i
