Begin,End,Label,Type,Speaker
0.19,0.61,children,words,i
0.61,0.8,in,words,i
0.8,1.45,uniforms,words,i
1.45,2.06,chase,words,i
2.18,2.7,pigeons,words,i
0.19,0.29,tʃ,phones,i
0.29,0.33,ɪ,phones,i
0.33,0.41,ɫ,phones,i
0.41,0.46,d,phones,i
0.46,0.53,ɹ,phones,i
0.53,0.61,n̩,phones,i
0.61,0.71,ɪ,phones,i
0.71,0.8,n,phones,i
0.8,0.84,j,phones,i
0.84,0.87,ʉː,phones,i
0.87,0.92,n,phones,i
0.92,0.97,ə,phones,i
0.97,1.08,f,phones,i
1.08,1.11,ɒ,phones,i
1.11,1.15,ɹ,phones,i
1.15,1.25,m,phones,i
1.25,1.45,z,phones,i
1.45,1.61,tʃ,phones,i
1.61,1.8,ej,phones,i
1.8,2.06,s,phones,i
2.18,2.25,pʰ,phones,i
2.25,2.31,ɪ,phones,i
2.31,2.4,dʒ,phones,i
2.4,2.47,ə,phones,i
2.47,2.56,n,phones,i
2.56,2.7,z,phones,i
