Begin,End,Label,Type,Speaker
0.15,0.76,children,words,i
0.95,1.12,in,words,i
1.12,1.6,uniforms,words,i
1.6,1.89,chase,words,i
1.89,2.34,pigeons,words,i
0.15,0.31,tʃ,phones,i
0.31,0.38,ɪ,phones,i
0.38,0.48,ɫ,phones,i
0.48,0.56,d,phones,i
0.56,0.64,ɹ,phones,i
0.64,0.76,n̩,phones,i
0.95,1.07,ɪ,phones,i
1.07,1.12,n,phones,i
1.12,1.18,j,phones,i
1.18,1.22,ʉː,phones,i
1.22,1.26,n,phones,i
1.26,1.3,ə,phones,i
1.3,1.39,f,phones,i
1.39,1.42,ɒ,phones,i
1.42,1.48,ɹ,phones,i
1.48,1.54,m,phones,i
1.54,1.6,z,phones,i
1.6,1.68,tʃ,phones,i
1.68,1.78,ej,phones,i
1.78,1.89,s,phones,i
1.89,1.95,pʰ,phones,i
1.95,2.0,ɪ,phones,i
2.0,2.09,dʒ,phones,i
2.09,2.15,ə,phones,i
2.15,2.23,n,phones,i
2.23,2.34,z,phones,i
