Begin,End,Label,Type,Speaker
0.08,0.48,children,words,i
0.48,0.61,in,words,i
0.61,1.29,uniforms,words,i
1.29,1.71,chase,words,i
1.71,2.23,pigeons,words,i
0.08,0.18,tʃ,phones,i
0.18,0.22,ɪ,phones,i
0.22,0.29,ɫ,phones,i
0.29,0.36,d,phones,i
0.36,0.41,ɹ,phones,i
0.41,0.48,n̩,phones,i
0.48,0.53,ɪ,phones,i
0.53,0.61,n,phones,i
0.61,0.66,j,phones,i
0.66,0.7,ʉː,phones,i
0.7,0.74,n,phones,i
0.74,0.79,ə,phones,i
0.79,0.89,f,phones,i
0.89,0.92,ɒ,phones,i
0.92,1.04,ɹ,phones,i
1.04,1.13,m,phones,i
1.13,1.29,z,phones,i
1.29,1.4,tʃ,phones,i
1.4,1.55,ej,phones,i
1.55,1.71,s,phones,i
1.71,1.78,pʰ,phones,i
1.78,1.85,ɪ,phones,i
1.85,1.92,dʒ,phones,i
1.92,1.98,ə,phones,i
1.98,2.07,n,phones,i
2.07,2.23,z,phones,i
