Begin,End,Label,Type,Speaker
0.26,0.4,a,words,i
0.4,0.75,person,words,i
0.75,1.18,skis,words,i
1.18,1.68,with,words,i
1.85,2.08,their,words,i
2.08,2.42,dog,words,i
0.26,0.4,ə,phones,i
0.4,0.46,pʰ,phones,i
0.46,0.57,ɝ,phones,i
0.57,0.65,s,phones,i
0.65,0.69,ə,phones,i
0.69,0.75,n,phones,i
0.75,0.83,s,phones,i
0.83,0.9,c,phones,i
0.9,1.07,iː,phones,i
1.07,1.18,z,phones,i
1.18,1.38,w,phones,i
1.38,1.47,ɪ,phones,i
1.47,1.68,θ,phones,i
1.85,1.94,ð,phones,i
1.94,2.02,ɛ,phones,i
2.02,2.08,ɹ,phones,i
2.08,2.14,d,phones,i
2.14,2.31,ɒ,phones,i
2.31,2.42,ɡ,phones,i
