Begin,End,Label,Type,Speaker
0.21,0.38,a,words,i
0.38,0.71,person,words,i
0.71,1.03,skis,words,i
1.03,1.43,with,words,i
1.43,1.82,their,words,i
2.03,2.32,dog,words,i
0.21,0.38,ə,phones,i
0.38,0.46,pʰ,phones,i
0.46,0.55,ɝ,phones,i
0.55,0.62,s,phones,i
0.62,0.66,ə,phones,i
0.66,0.71,n,phones,i
0.71,0.8,s,phones,i
0.8,0.86,c,phones,i
0.86,0.96,i,phones,i
0.96,1.03,z,phones,i
1.03,1.14,w,phones,i
1.14,1.2,ɪ,phones,i
1.2,1.43,θ,phones,i
1.43,1.46,d̪,phones,i
1.46,1.67,ɛ,phones,i
1.67,1.82,ɹ,phones,i
2.03,2.07,d,phones,i
2.07,2.27,ɒ,phones,i
2.27,2.32,ɡ,phones,i
