Begin,End,Label,Type,Speaker
0.36,0.5,a,words,i
0.5,0.94,person,words,i
0.94,1.32,skis,words,i
1.32,1.47,with,words,i
1.47,1.59,their,words,i
1.59,1.93,dog,words,i
0.36,0.5,ə,phones,i
0.5,0.6,pʰ,phones,i
0.6,0.71,ɝ,phones,i
0.71,0.82,s,phones,i
0.82,0.89,ə,phones,i
0.89,0.94,n,phones,i
0.94,1.03,s,phones,i
1.03,1.1,c,phones,i
1.1,1.23,iː,phones,i
1.23,1.32,z,phones,i
1.32,1.37,w,phones,i
1.37,1.41,ɪ,phones,i
1.41,1.47,θ,phones,i
1.47,1.5,ð,phones,i
1.5,1.54,ɛ,phones,i
1.54,1.59,ɹ,phones,i
1.59,1.65,d,phones,i
1.65,1.77,ɒ,phones,i
1.77,1.93,ɡ,phones,i
