Begin,End,Label,Type,Speaker
0.34,0.76,a,words,i
0.86,1.23,person,words,i
1.23,1.56,skis,words,i
1.56,1.68,with,words,i
1.68,1.79,their,words,i
1.79,2.08,dog,words,i
0.34,0.76,ej,phones,i
0.86,0.92,pʰ,phones,i
0.92,1.03,ɝ,phones,i
1.03,1.13,s,phones,i
1.13,1.17,ə,phones,i
1.17,1.23,n,phones,i
1.23,1.33,s,phones,i
1.33,1.4,c,phones,i
1.4,1.49,i,phones,i
1.49,1.56,z,phones,i
1.56,1.6,w,phones,i
1.6,1.65,ɪ,phones,i
1.65,1.68,θ,phones,i
1.68,1.71,ð,phones,i
1.71,1.75,ɛ,phones,i
1.75,1.79,ɹ,phones,i
1.79,1.84,d,phones,i
1.84,1.98,ɒ,phones,i
1.98,2.08,ɡ,phones,i
