Begin,End,Label,Type,Speaker
0.66,0.87,a,words,i
0.87,1.53,person,words,i
1.63,2.01,skis,words,i
2.01,2.16,with,words,i
2.16,2.29,their,words,i
2.29,2.55,dog,words,i
0.66,0.87,ə,phones,i
0.87,1.05,pʰ,phones,i
1.05,1.19,ɝ,phones,i
1.19,1.34,s,phones,i
1.34,1.44,ə,phones,i
1.44,1.53,n,phones,i
1.63,1.77,s,phones,i
1.77,1.84,c,phones,i
1.84,1.92,i,phones,i
1.92,2.01,z,phones,i
2.01,2.06,w,phones,i
2.06,2.11,ɪ,phones,i
2.11,2.16,θ,phones,i
2.16,2.2,ð,phones,i
2.2,2.24,ɛ,phones,i
2.24,2.29,ɹ,phones,i
2.29,2.34,d,phones,i
2.34,2.47,ɒ,phones,i
2.47,2.55,ɡ,phones,i
