Begin,End,Label,Type,Speaker
0.24,0.41,a,words,i
0.41,0.79,person,words,i
0.79,1.45,skis,words,i
1.57,1.75,with,words,i
1.75,1.88,their,words,i
1.88,2.21,dog,words,i
0.24,0.41,ə,phones,i
0.41,0.48,pʰ,phones,i
0.48,0.58,ɝ,phones,i
0.58,0.67,s,phones,i
0.67,0.71,ə,phones,i
0.71,0.79,n,phones,i
0.79,0.92,s,phones,i
0.92,1.01,c,phones,i
1.01,1.28,iː,phones,i
1.28,1.45,z,phones,i
1.57,1.65,w,phones,i
1.65,1.7,ɪ,phones,i
1.7,1.75,θ,phones,i
1.75,1.78,ð,phones,i
1.78,1.83,ɛ,phones,i
1.83,1.88,ɹ,phones,i
1.88,1.94,d,phones,i
1.94,2.06,ɒ,phones,i
2.06,2.21,ɡ,phones,i
