Begin,End,Label,Type,Speaker
0.23,0.33,a,words,i
0.33,0.69,child,words,i
0.69,0.96,plays,words,i
0.96,1.05,on,words,i
1.05,1.16,the,words,i
1.16,1.38,dirt,words,i
0.23,0.33,ə,phones,i
0.33,0.46,tʃ,phones,i
0.46,0.53,aj,phones,i
0.53,0.61,ɫ,phones,i
0.61,0.69,d,phones,i
0.69,0.76,p,phones,i
0.76,0.8,l,phones,i
0.8,0.89,ej,phones,i
0.89,0.96,z,phones,i
0.96,1.0,ɒ,phones,i
1.0,1.05,n,phones,i
1.05,1.1,ð,phones,i
1.1,1.16,ə,phones,i
1.16,1.21,d,phones,i
1.21,1.34,ɝ,phones,i
1.34,1.38,t,phones,i
