Begin,End,Label,Type,Speaker
0.62,0.86,a,words,i
0.86,1.48,child,words,i
1.59,1.86,plays,words,i
1.86,1.95,on,words,i
1.95,2.06,the,words,i
2.06,2.31,dirt,words,i
0.62,0.86,ə,phones,i
0.86,1.04,tʃ,phones,i
1.04,1.27,aj,phones,i
1.27,1.31,ɫ,phones,i
1.31,1.48,d,phones,i
1.59,1.66,p,phones,i
1.66,1.69,l,phones,i
1.69,1.78,ej,phones,i
1.78,1.86,z,phones,i
1.86,1.89,ɒ,phones,i
1.89,1.95,n,phones,i
1.95,1.99,ð,phones,i
1.99,2.06,ə,phones,i
2.06,2.1,d,phones,i
2.1,2.22,ɝ,phones,i
2.22,2.31,t,phones,i
