Begin,End,Label,Type,Speaker
0.11,0.45,a,words,i
0.6,0.91,child,words,i
0.91,1.15,plays,words,i
1.15,1.26,on,words,i
1.26,1.36,the,words,i
1.36,1.59,dirt,words,i
0.11,0.45,ej,phones,i
0.6,0.68,tʃ,phones,i
0.68,0.75,aj,phones,i
0.75,0.85,ɫ,phones,i
0.85,0.91,d,phones,i
0.91,0.97,p,phones,i
0.97,1.0,l,phones,i
1.0,1.08,ej,phones,i
1.08,1.15,z,phones,i
1.15,1.19,ɒ,phones,i
1.19,1.26,n,phones,i
1.26,1.29,ð,phones,i
1.29,1.36,ə,phones,i
1.36,1.4,d,phones,i
1.4,1.54,ɝ,phones,i
1.54,1.59,t,phones,i
