Begin,End,Label,Type,Speaker
0.14,0.26,a,words,i
0.26,0.59,child,words,i
0.59,0.85,plays,words,i
0.85,1.11,on,words,i
1.11,1.43,the,words,i
1.6,1.8,dirt,words,i
0.14,0.26,ə,phones,i
0.26,0.39,tʃ,phones,i
0.39,0.44,aj,phones,i
0.44,0.54,ɫ,phones,i
0.54,0.59,d,phones,i
0.59,0.66,p,phones,i
0.66,0.69,l,phones,i
0.69,0.77,ej,phones,i
0.77,0.85,z,phones,i
0.85,0.99,ɒ,phones,i
0.99,1.11,n,phones,i
1.11,1.21,ð,phones,i
1.21,1.43,ə,phones,i
1.6,1.63,d,phones,i
1.63,1.66,ɝ,phones,i
1.66,1.8,ʔ,phones,i
