Begin,End,Label,Type,Speaker
0.31,0.41,a,words,i
0.41,0.78,child,words,i
0.78,1.14,plays,words,i
1.23,1.58,on,words,i
1.8,1.93,the,words,i
1.93,2.18,dirt,words,i
0.31,0.41,ə,phones,i
0.41,0.53,tʃ,phones,i
0.53,0.6,aj,phones,i
0.6,0.7,ɫ,phones,i
0.7,0.78,d,phones,i
0.78,0.86,p,phones,i
0.86,0.9,l,phones,i
0.9,1.0,ej,phones,i
1.0,1.14,z,phones,i
1.23,1.44,ɒ,phones,i
1.44,1.58,n,phones,i
1.8,1.84,ð,phones,i
1.84,1.93,ə,phones,i
1.93,1.98,d,phones,i
1.98,2.14,ɝ,phones,i
2.14,2.18,t,phones,i
