Begin,End,Label,Type,Speaker
0.21,0.33,a,words,i
0.33,0.73,child,words,i
0.73,1.35,plays,words,i
1.45,1.62,on,words,i
1.62,1.68,the,words,i
1.68,1.97,dirt,words,i
0.21,0.33,ə,phones,i
0.33,0.47,tʃ,phones,i
0.47,0.55,aj,phones,i
0.55,0.63,ɫ,phones,i
0.63,0.73,d,phones,i
0.73,0.85,p,phones,i
0.85,0.93,l,phones,i
0.93,1.18,ej,phones,i
1.18,1.35,z,phones,i
1.45,1.56,ɑ,phones,i
1.56,1.62,n,phones,i
1.62,1.65,ð,phones,i
1.65,1.68,ə,phones,i
1.68,1.77,d,phones,i
1.77,1.91,ɝ,phones,i
1.91,1.97,t,phones,i
