Begin,End,Label,Type,Speaker
0.19,0.52,a,words,h
0.52,0.88,dog,words,h
0.88,1.5,splashes,words,h
1.5,1.64,in,words,h
1.64,1.75,the,words,h
1.75,2.26,water,words,h
0.19,0.52,ej,phones,h
0.52,0.62,d,phones,h
0.62,0.81,ɒ,phones,h
0.81,0.88,ɡ,phones,h
0.88,0.96,s,phones,h
0.96,1.06,p,phones,h
1.06,1.1,l,phones,h
1.1,1.19,æ,phones,h
1.19,1.32,ʃ,phones,h
1.32,1.38,ɪ,phones,h
1.38,1.5,z,phones,h
1.5,1.57,ɪ,phones,h
1.57,1.64,n,phones,h
1.64,1.68,ð,phones,h
1.68,1.75,ə,phones,h
1.75,1.82,w,phones,h
1.82,1.94,ɒː,phones,h
1.94,2.08,t,phones,h
2.08,2.26,ə,phones,h
