Begin,End,Label,Type,Speaker
0.55,0.64,a,words,h
0.64,0.91,dog,words,h
0.91,1.5,splashes,words,h
1.5,1.78,in,words,h
1.78,2.12,the,words,h
2.12,2.69,water,words,h
0.55,0.64,ə,phones,h
0.64,0.72,d,phones,h
0.72,0.84,ɒ,phones,h
0.84,0.91,ɡ,phones,h
0.91,0.98,s,phones,h
0.98,1.07,p,phones,h
1.07,1.12,l,phones,h
1.12,1.19,æ,phones,h
1.19,1.32,ʃ,phones,h
1.32,1.41,ɪ,phones,h
1.41,1.5,z,phones,h
1.5,1.57,ʔ,phones,h
1.57,1.65,ɪ,phones,h
1.65,1.78,n,phones,h
1.78,1.87,z,phones,h
1.87,2.12,i,phones,h
2.12,2.24,w,phones,h
2.24,2.37,ɒː,phones,h
2.37,2.51,t,phones,h
2.51,2.69,ə,phones,h
