Begin,End,Label,Type,Speaker
0.28,0.38,a,words,h
0.38,0.83,dog,words,h
0.83,1.4,splashes,words,h
1.4,1.52,in,words,h
1.52,1.61,the,words,h
1.61,4.38,water,words,h
0.28,0.38,ə,phones,h
0.38,0.54,d,phones,h
0.54,0.76,ɒ,phones,h
0.76,0.83,ɡ,phones,h
0.83,0.91,s,phones,h
0.91,1.0,p,phones,h
1.0,1.05,l,phones,h
1.05,1.11,æ,phones,h
1.11,1.24,ʃ,phones,h
1.24,1.3,ɪ,phones,h
1.3,1.4,z,phones,h
1.4,1.45,ɪ,phones,h
1.45,1.52,n,phones,h
1.52,1.56,ð,phones,h
1.56,1.61,ə,phones,h
1.61,1.7,w,phones,h
1.7,1.81,ɒː,phones,h
1.81,1.94,t,phones,h
1.94,4.38,ə,phones,h
