Begin,End,Label,Type,Speaker
0.39,0.76,people,words,h
0.76,1.16,stand,words,h
1.16,1.84,inside,words,h
1.84,1.92,a,words,h
1.92,2.2,rock,words,h
2.2,4.8,dome,words,h
0.39,0.47,pʰ,phones,h
0.47,0.56,iː,phones,h
0.56,0.65,p,phones,h
0.65,0.76,ɫ̩,phones,h
0.76,0.9,s,phones,h
0.9,0.96,t,phones,h
0.96,1.1,æ,phones,h
1.1,1.13,n,phones,h
1.13,1.16,d,phones,h
1.16,1.23,i,phones,h
1.23,1.32,n,phones,h
1.32,1.5,s,phones,h
1.5,1.79,aj,phones,h
1.79,1.84,d,phones,h
1.84,1.92,ə,phones,h
1.92,2.02,ɹ,phones,h
2.02,2.11,ɒ,phones,h
2.11,2.2,k,phones,h
2.2,2.26,d,phones,h
2.26,2.48,ow,phones,h
2.48,4.8,m,phones,h
