Begin,End,Label,Type,Speaker
0.4,0.49,a,words,h
0.49,0.76,boy,words,h
0.76,1.15,plays,words,h
1.15,1.39,in,words,h
1.39,1.56,the,words,h
1.56,2.5,fountains,words,h
0.4,0.49,ə,phones,h
0.49,0.59,b,phones,h
0.59,0.76,ɔj,phones,h
0.76,0.88,p,phones,h
0.88,0.93,l,phones,h
0.93,1.07,ej,phones,h
1.07,1.15,z,phones,h
1.15,1.29,i,phones,h
1.29,1.39,n,phones,h
1.39,1.43,ð,phones,h
1.43,1.56,i,phones,h
1.56,1.76,f,phones,h
1.76,1.82,aw,phones,h
1.82,1.99,n,phones,h
1.99,2.09,t,phones,h
2.09,2.18,ə,phones,h
2.18,2.3,n,phones,h
2.3,2.5,z,phones,h
