Begin,End,Label,Type,Speaker
0.35,0.44,a,words,h
0.44,0.72,boy,words,h
0.72,1.32,plays,words,h
1.39,1.7,in,words,h
1.7,2.0,the,words,h
2.0,2.66,fountains,words,h
0.35,0.44,ə,phones,h
0.44,0.55,b,phones,h
0.55,0.72,ɔj,phones,h
0.72,0.89,p,phones,h
0.89,0.97,l,phones,h
0.97,1.18,ej,phones,h
1.18,1.32,z,phones,h
1.39,1.55,i,phones,h
1.55,1.7,n,phones,h
1.7,1.73,iː,phones,h
1.73,2.0,ʔ,phones,h
2.0,2.03,f,phones,h
2.03,2.07,aw,phones,h
2.07,2.15,n,phones,h
2.15,2.25,t,phones,h
2.25,2.31,ə,phones,h
2.31,2.46,n,phones,h
2.46,2.66,z,phones,h
