Begin,End,Label,Type,Speaker
0.53,0.62,a,words,h
0.62,0.98,dog,words,h
1.08,1.72,chases,words,h
1.72,1.99,another,words,h
1.99,2.4,dog,words,h
0.53,0.62,ə,phones,h
0.62,0.75,d,phones,h
0.75,0.91,ɒ,phones,h
0.91,0.98,ɡ,phones,h
1.08,1.19,tʃ,phones,h
1.19,1.41,ej,phones,h
1.41,1.54,s,phones,h
1.54,1.63,ɪ,phones,h
1.63,1.72,z,phones,h
1.72,1.78,ə,phones,h
1.78,1.82,n,phones,h
1.82,1.88,ɐ,phones,h
1.88,1.93,ð,phones,h
1.93,1.99,ɚ,phones,h
1.99,2.09,d,phones,h
2.09,2.28,ɒ,phones,h
2.28,2.4,ɡ,phones,h
