Begin,End,Label,Type,Speaker
0.39,0.78,people,words,h
0.78,0.88,are,words,h
0.88,1.34,riding,words,h
1.34,1.71,around,words,h
1.71,1.82,on,words,h
1.82,2.81,snowmobiles,words,h
0.39,0.46,pʰ,phones,h
0.46,0.52,iː,phones,h
0.52,0.61,p,phones,h
0.61,0.78,ɫ̩,phones,h
0.78,0.88,ə,phones,h
0.88,0.99,ɹ,phones,h
0.99,1.1,aj,phones,h
1.1,1.13,d,phones,h
1.13,1.21,ɪ,phones,h
1.21,1.34,ŋ,phones,h
1.34,1.42,ə,phones,h
1.42,1.48,ɹ,phones,h
1.48,1.64,aw,phones,h
1.64,1.67,n,phones,h
1.67,1.71,d,phones,h
1.71,1.75,ɒ,phones,h
1.75,1.82,n,phones,h
1.82,1.95,s,phones,h
1.95,1.99,n,phones,h
1.99,2.11,ow,phones,h
2.11,2.21,m,phones,h
2.21,2.26,ow,phones,h
2.26,2.31,bʲ,phones,h
2.31,2.34,i,phones,h
2.34,2.62,ɫ,phones,h
2.62,2.81,z,phones,h
