Begin,End,Label,Type,Speaker
0.3,0.71,people,words,h
0.71,0.8,are,words,h
0.8,1.23,riding,words,h
1.23,1.65,around,words,h
1.65,2.09,on,words,h
2.09,3.15,snowmobiles,words,h
0.3,0.38,pʰ,phones,h
0.38,0.44,iː,phones,h
0.44,0.54,p,phones,h
0.54,0.71,ɫ̩,phones,h
0.71,0.8,ə,phones,h
0.8,0.91,ɹ,phones,h
0.91,1.01,aj,phones,h
1.01,1.06,d,phones,h
1.06,1.13,ɪ,phones,h
1.13,1.23,ŋ,phones,h
1.23,1.31,ə,phones,h
1.31,1.37,ɹ,phones,h
1.37,1.55,aw,phones,h
1.55,1.62,n,phones,h
1.62,1.65,d,phones,h
1.65,1.8,ʔ,phones,h
1.8,1.96,ɔ,phones,h
1.96,2.09,n,phones,h
2.09,2.24,s,phones,h
2.24,2.32,n,phones,h
2.32,2.43,ow,phones,h
2.43,2.51,m,phones,h
2.51,2.57,ow,phones,h
2.57,2.65,bʲ,phones,h
2.65,2.68,i,phones,h
2.68,2.93,ɫ,phones,h
2.93,3.15,z,phones,h
