Begin,End,Label,Type,Speaker
0.26,0.7,people,words,h
0.7,1.13,are,words,h
1.13,1.7,riding,words,h
1.7,2.05,around,words,h
2.05,2.17,on,words,h
2.17,3.17,snowmobiles,words,h
0.26,0.33,pʰ,phones,h
0.33,0.39,iː,phones,h
0.39,0.5,p,phones,h
0.5,0.7,ɫ̩,phones,h
0.7,1.09,ɑ,phones,h
1.09,1.13,ɹ,phones,h
1.13,1.28,ɹ,phones,h
1.28,1.43,aj,phones,h
1.43,1.47,d,phones,h
1.47,1.57,ɪ,phones,h
1.57,1.7,ŋ,phones,h
1.7,1.75,ə,phones,h
1.75,1.84,ɹ,phones,h
1.84,1.98,aw,phones,h
1.98,2.01,n,phones,h
2.01,2.05,d,phones,h
2.05,2.09,ɒ,phones,h
2.09,2.17,n,phones,h
2.17,2.3,s,phones,h
2.3,2.33,n,phones,h
2.33,2.43,ow,phones,h
2.43,2.52,m,phones,h
2.52,2.56,ow,phones,h
2.56,2.62,bʲ,phones,h
2.62,2.65,i,phones,h
2.65,2.9,ɫ,phones,h
2.9,3.17,z,phones,h
