Begin,End,Label,Type,Speaker
0.34,0.52,a,words,h
0.52,1.12,man,words,h
1.12,1.56,climbs,words,h
1.56,1.63,a,words,h
1.63,1.92,rocky,words,h
1.92,2.35,wall,words,h
0.34,0.52,ej,phones,h
0.52,0.69,m,phones,h
0.69,0.98,æ,phones,h
0.98,1.12,n,phones,h
1.12,1.21,k,phones,h
1.21,1.25,l,phones,h
1.25,1.42,aj,phones,h
1.42,1.46,m,phones,h
1.46,1.56,z,phones,h
1.56,1.63,ə,phones,h
1.63,1.74,ɹ,phones,h
1.74,1.79,ɒ,phones,h
1.79,1.89,c,phones,h
1.89,1.92,i,phones,h
1.92,2.01,w,phones,h
2.01,2.25,ɒː,phones,h
2.25,2.35,ɫ,phones,h
