Begin,End,Label,Type,Speaker
0.4,0.5,a,words,h
0.5,0.94,man,words,h
0.94,1.46,climbs,words,h
1.46,1.57,a,words,h
1.57,1.92,rocky,words,h
1.92,2.32,wall,words,h
0.4,0.5,ə,phones,h
0.5,0.62,m,phones,h
0.62,0.83,æ,phones,h
0.83,0.94,n,phones,h
0.94,1.05,k,phones,h
1.05,1.1,l,phones,h
1.1,1.29,aj,phones,h
1.29,1.37,m,phones,h
1.37,1.46,z,phones,h
1.46,1.57,ə,phones,h
1.57,1.67,ɹ,phones,h
1.67,1.74,ɒ,phones,h
1.74,1.88,c,phones,h
1.88,1.92,i,phones,h
1.92,2.04,w,phones,h
2.04,2.19,ɒː,phones,h
2.19,2.32,ɫ,phones,h
