Begin,End,Label,Type,Speaker
0.28,0.36,a,words,h
0.36,0.9,child,words,h
0.9,1.32,plays,words,h
1.32,1.46,with,words,h
1.46,1.5,a,words,h
1.5,2.16,fountain,words,h
0.28,0.36,ə,phones,h
0.36,0.56,tʃ,phones,h
0.56,0.77,aj,phones,h
0.77,0.86,ɫ,phones,h
0.86,0.9,d,phones,h
0.9,1.02,p,phones,h
1.02,1.07,l,phones,h
1.07,1.23,ej,phones,h
1.23,1.32,z,phones,h
1.32,1.36,w,phones,h
1.36,1.39,ɪ,phones,h
1.39,1.46,θ,phones,h
1.46,1.5,ə,phones,h
1.5,1.61,f,phones,h
1.61,1.74,aw,phones,h
1.74,1.8,n,phones,h
1.8,1.9,t,phones,h
1.9,1.97,ə,phones,h
1.97,2.16,n,phones,h
