Begin,End,Label,Type,Speaker
0.12,0.2,a,words,h
0.2,0.73,child,words,h
0.73,1.25,plays,words,h
1.25,1.41,with,words,h
1.41,1.45,a,words,h
1.45,4.08,fountain,words,h
0.12,0.2,ə,phones,h
0.2,0.37,tʃ,phones,h
0.37,0.54,aj,phones,h
0.54,0.66,ɫ,phones,h
0.66,0.73,d,phones,h
0.73,0.86,p,phones,h
0.86,0.89,l,phones,h
0.89,1.14,ej,phones,h
1.14,1.25,z,phones,h
1.25,1.29,w,phones,h
1.29,1.33,ɪ,phones,h
1.33,1.41,θ,phones,h
1.41,1.45,ə,phones,h
1.45,1.56,f,phones,h
1.56,1.69,aw,phones,h
1.69,1.76,n,phones,h
1.76,1.85,t,phones,h
1.85,1.93,ə,phones,h
1.93,4.08,n,phones,h
