Begin,End,Label,Type,Speaker
0.04,0.25,a,words,h
0.25,0.87,child,words,h
0.87,1.27,plays,words,h
1.27,1.41,with,words,h
1.41,1.46,a,words,h
1.46,2.09,fountain,words,h
0.04,0.25,ə,phones,h
0.25,0.42,tʃ,phones,h
0.42,0.68,aj,phones,h
0.68,0.81,ɫ,phones,h
0.81,0.87,d,phones,h
0.87,0.99,p,phones,h
0.99,1.03,l,phones,h
1.03,1.17,ej,phones,h
1.17,1.27,z,phones,h
1.27,1.3,w,phones,h
1.3,1.33,ɪ,phones,h
1.33,1.41,θ,phones,h
1.41,1.46,ə,phones,h
1.46,1.57,f,phones,h
1.57,1.7,aw,phones,h
1.7,1.76,n,phones,h
1.76,1.87,t,phones,h
1.87,1.92,ə,phones,h
1.92,2.09,n,phones,h
