Begin,End,Label,Type,Speaker
0.16,0.37,two,words,h
0.37,0.83,dogs,words,h
0.83,1.26,splash,words,h
1.26,1.46,through,words,h
1.46,1.57,the,words,h
1.57,4.14,water,words,h
0.16,0.26,tʰ,phones,h
0.26,0.37,ʉ,phones,h
0.37,0.51,d,phones,h
0.51,0.72,ɒ,phones,h
0.72,0.8,ɡ,phones,h
0.8,0.83,z,phones,h
0.83,0.93,s,phones,h
0.93,1.01,p,phones,h
1.01,1.06,l,phones,h
1.06,1.17,æ,phones,h
1.17,1.26,ʃ,phones,h
1.26,1.39,θ,phones,h
1.39,1.42,ɹ,phones,h
1.42,1.46,ʉː,phones,h
1.46,1.51,ð,phones,h
1.51,1.57,ə,phones,h
1.57,1.65,w,phones,h
1.65,1.77,ɒː,phones,h
1.77,1.91,t,phones,h
1.91,4.14,ə,phones,h
