Begin,End,Label,Type,Speaker
0.44,0.6,the,words,h
0.6,1.49,snowboarder,words,h
1.49,1.61,is,words,h
1.61,2.02,sitting,words,h
2.02,2.44,down,words,h
0.44,0.47,ð,phones,h
0.47,0.6,iː,phones,h
0.6,0.78,s,phones,h
0.78,0.83,n,phones,h
0.83,1.06,ow,phones,h
1.06,1.15,b,phones,h
1.15,1.27,ɒ,phones,h
1.27,1.34,ɹ,phones,h
1.34,1.35,ɾ,phones,h
1.35,1.49,ɚ,phones,h
1.49,1.56,ɪ,phones,h
1.56,1.61,z,phones,h
1.61,1.71,s,phones,h
1.71,1.78,ɪ,phones,h
1.78,1.88,t,phones,h
1.88,1.93,ɪ,phones,h
1.93,2.02,ŋ,phones,h
2.02,2.07,d,phones,h
2.07,2.27,aw,phones,h
2.27,2.44,n,phones,h
