Begin,End,Label,Type,Speaker
0.44,1.22,bicyclists,words,h
1.22,1.4,are,words,h
1.4,2.07,standing,words,h
2.07,2.49,at,words,h
2.49,2.65,an,words,h
2.65,5.64,intersection,words,h
0.44,0.52,b,phones,h
0.52,0.61,aj,phones,h
0.61,0.7,s,phones,h
0.7,0.75,ɪ,phones,h
0.75,0.83,c,phones,h
0.83,0.88,ʎ,phones,h
0.88,0.99,ɪ,phones,h
0.99,1.13,s,phones,h
1.13,1.16,t,phones,h
1.16,1.22,s,phones,h
1.22,1.35,ɑ,phones,h
1.35,1.4,ɹ,phones,h
1.4,1.53,s,phones,h
1.53,1.58,t,phones,h
1.58,1.67,æ,phones,h
1.67,1.75,n,phones,h
1.75,1.78,d,phones,h
1.78,1.9,ɪ,phones,h
1.9,2.07,ŋ,phones,h
2.07,2.35,æ,phones,h
2.35,2.49,t,phones,h
2.49,2.59,æ,phones,h
2.59,2.65,n,phones,h
2.65,2.73,ɪ,phones,h
2.73,2.78,n,phones,h
2.78,2.84,t,phones,h
2.84,2.88,ə,phones,h
2.88,3.02,s,phones,h
3.02,3.1,ɛ,phones,h
3.1,3.19,c,phones,h
3.19,3.3,ʃ,phones,h
3.3,3.38,ə,phones,h
3.38,5.64,n,phones,h
