Begin,End,Label,Type,Speaker
0.34,0.65,two,words,h
0.65,1.1,dogs,words,h
1.1,1.55,wrestle,words,h
1.55,1.68,in,words,h
1.68,1.73,a,words,h
1.73,2.25,field,words,h
0.34,0.43,tʰ,phones,h
0.43,0.65,ʉ,phones,h
0.65,0.72,d,phones,h
0.72,0.91,ɒ,phones,h
0.91,0.99,ɡ,phones,h
0.99,1.1,z,phones,h
1.1,1.2,ɹ,phones,h
1.2,1.26,ɛ,phones,h
1.26,1.39,s,phones,h
1.39,1.55,ɫ̩,phones,h
1.55,1.65,ɪ,phones,h
1.65,1.68,n,phones,h
1.68,1.73,ə,phones,h
1.73,1.85,fʲ,phones,h
1.85,1.99,iː,phones,h
1.99,2.11,ɫ,phones,h
2.11,2.25,d,phones,h
