Begin,End,Label,Type,Speaker
0.37,0.57,two,words,h
0.57,0.99,dogs,words,h
0.99,1.55,wrestle,words,h
1.55,1.69,in,words,h
1.69,1.74,a,words,h
1.74,2.25,field,words,h
0.37,0.48,tʰ,phones,h
0.48,0.57,ʉ,phones,h
0.57,0.63,d,phones,h
0.63,0.8,ɒ,phones,h
0.8,0.87,ɡ,phones,h
0.87,0.99,z,phones,h
0.99,1.13,ɹ,phones,h
1.13,1.19,ɛ,phones,h
1.19,1.33,s,phones,h
1.33,1.42,ʊ,phones,h
1.42,1.55,ɫ,phones,h
1.55,1.66,ɪ,phones,h
1.66,1.69,n,phones,h
1.69,1.74,ə,phones,h
1.74,1.87,fʲ,phones,h
1.87,2.0,iː,phones,h
2.0,2.13,ɫ,phones,h
2.13,2.25,d,phones,h
