Begin,End,Label,Type,Speaker
0.42,0.59,two,words,h
0.59,0.95,dogs,words,h
0.95,1.39,wrestle,words,h
1.39,1.6,in,words,h
1.6,1.7,a,words,h
1.7,2.42,field,words,h
0.42,0.51,tʰ,phones,h
0.51,0.59,ʉ,phones,h
0.59,0.66,d,phones,h
0.66,0.78,ɒ,phones,h
0.78,0.86,ɡ,phones,h
0.86,0.95,z,phones,h
0.95,0.99,ɹ,phones,h
0.99,1.08,ɛ,phones,h
1.08,1.22,s,phones,h
1.22,1.27,ʊ,phones,h
1.27,1.39,ɫ,phones,h
1.39,1.52,ɪ,phones,h
1.52,1.6,n,phones,h
1.6,1.7,ə,phones,h
1.7,1.92,fʲ,phones,h
1.92,2.09,iː,phones,h
2.09,2.3,ɫ,phones,h
2.3,2.42,d,phones,h
