Begin,End,Label,Type,Speaker
0.38,0.47,a,words,h
0.47,0.79,man,words,h
0.79,0.94,in,words,h
0.94,1.31,yellow,words,h
1.31,2.18,grimaces,words,h
0.38,0.47,ə,phones,h
0.47,0.59,m,phones,h
0.59,0.73,æ,phones,h
0.73,0.79,n,phones,h
0.79,0.85,ɪ,phones,h
0.85,0.94,n,phones,h
0.94,1.02,j,phones,h
1.02,1.1,ɛ,phones,h
1.1,1.17,l,phones,h
1.17,1.31,əw,phones,h
1.31,1.4,c,phones,h
1.4,1.46,ɹ,phones,h
1.46,1.51,ɪ,phones,h
1.51,1.6,m,phones,h
1.6,1.64,ej,phones,h
1.64,1.79,s,phones,h
1.79,1.93,ɪ,phones,h
1.93,2.18,z,phones,h
