Begin,End,Label,Type,Speaker
0.39,0.51,a,words,h
0.51,1.08,man,words,h
1.08,1.3,in,words,h
1.3,1.63,yellow,words,h
1.63,2.55,grimaces,words,h
0.39,0.51,ə,phones,h
0.51,0.7,m,phones,h
0.7,0.97,æ,phones,h
0.97,1.08,n,phones,h
1.08,1.22,ɪ,phones,h
1.22,1.3,n,phones,h
1.3,1.37,j,phones,h
1.37,1.46,ɛ,phones,h
1.46,1.52,l,phones,h
1.52,1.63,əw,phones,h
1.63,1.75,c,phones,h
1.75,1.8,ɹ,phones,h
1.8,1.85,ɪ,phones,h
1.85,1.93,m,phones,h
1.93,1.99,ej,phones,h
1.99,2.11,s,phones,h
2.11,2.24,ɪ,phones,h
2.24,2.55,z,phones,h
