Begin,End,Label,Type,Speaker
0.37,0.46,a,words,h
0.46,0.82,man,words,h
0.82,1.0,in,words,h
1.0,1.57,yellow,words,h
1.6,2.45,grimaces,words,h
0.37,0.46,ə,phones,h
0.46,0.57,m,phones,h
0.57,0.76,æ,phones,h
0.76,0.82,n,phones,h
0.82,0.9,ɪ,phones,h
0.9,1.0,n,phones,h
1.0,1.14,j,phones,h
1.14,1.22,ɛ,phones,h
1.22,1.32,l,phones,h
1.32,1.57,ow,phones,h
1.6,1.65,c,phones,h
1.65,1.73,ɹ,phones,h
1.73,1.78,ɪ,phones,h
1.78,1.85,m,phones,h
1.85,1.93,ej,phones,h
1.93,2.05,s,phones,h
2.05,2.19,ɪ,phones,h
2.19,2.45,z,phones,h
