Begin,End,Label,Type,Speaker
0.3,0.37,a,words,h
0.37,0.73,dog,words,h
0.73,1.11,walks,words,h
1.11,1.25,through,words,h
1.25,1.29,a,words,h
1.29,1.83,field,words,h
0.3,0.37,ə,phones,h
0.37,0.49,d,phones,h
0.49,0.65,ɒ,phones,h
0.65,0.73,ɡ,phones,h
0.73,0.78,w,phones,h
0.78,0.92,ɒ,phones,h
0.92,0.99,k,phones,h
0.99,1.11,s,phones,h
1.11,1.18,θ,phones,h
1.18,1.22,ɹ,phones,h
1.22,1.25,ʉː,phones,h
1.25,1.29,ə,phones,h
1.29,1.45,fʲ,phones,h
1.45,1.58,iː,phones,h
1.58,1.72,ɫ,phones,h
1.72,1.83,d,phones,h
