Begin,End,Label,Type,Speaker
0.39,0.47,a,words,h
0.47,0.85,dog,words,h
0.85,1.18,walks,words,h
1.18,1.41,through,words,h
1.47,1.78,a,words,h
1.78,2.43,field,words,h
0.39,0.47,ə,phones,h
0.47,0.59,d,phones,h
0.59,0.74,ɒ,phones,h
0.74,0.85,ɡ,phones,h
0.85,0.89,w,phones,h
0.89,1.0,ɒ,phones,h
1.0,1.06,k,phones,h
1.06,1.18,s,phones,h
1.18,1.25,θ,phones,h
1.25,1.33,ɹ,phones,h
1.33,1.41,ʉː,phones,h
1.47,1.78,æ,phones,h
1.78,1.96,fʲ,phones,h
1.96,2.14,iː,phones,h
2.14,2.29,ɫ,phones,h
2.29,2.43,d,phones,h
