Begin,End,Label,Type,Speaker
0.47,0.92,people,words,h
0.92,1.14,eat,words,h
1.14,1.44,under,words,h
1.44,1.97,green,words,h
2.02,2.88,trees,words,h
0.47,0.58,pʰ,phones,h
0.58,0.64,iː,phones,h
0.64,0.75,p,phones,h
0.75,0.92,ɫ̩,phones,h
0.92,1.06,iː,phones,h
1.06,1.14,t,phones,h
1.14,1.29,ɐ,phones,h
1.29,1.37,n,phones,h
1.37,1.4,d,phones,h
1.4,1.44,ə,phones,h
1.44,1.56,ɟ,phones,h
1.56,1.69,ɹ,phones,h
1.69,1.83,i,phones,h
1.83,1.97,n,phones,h
2.02,2.18,t,phones,h
2.18,2.28,ɹ,phones,h
2.28,2.62,iː,phones,h
2.62,2.88,z,phones,h
