Begin,End,Label,Type,Speaker
0.19,0.28,a,words,h
0.28,0.85,korean,words,h
0.85,1.23,man,words,h
1.23,1.61,sells,words,h
1.61,2.15,soda,words,h
0.19,0.28,ə,phones,h
0.28,0.41,kʰ,phones,h
0.41,0.45,ə,phones,h
0.45,0.55,ɹ,phones,h
0.55,0.72,ɪ,phones,h
0.72,0.85,n̩,phones,h
0.85,0.89,m,phones,h
0.89,1.04,æ,phones,h
1.04,1.23,n,phones,h
1.23,1.37,s,phones,h
1.37,1.44,ɛ,phones,h
1.44,1.56,ɫ,phones,h
1.56,1.61,z,phones,h
1.61,1.75,s,phones,h
1.75,1.91,əw,phones,h
1.91,1.95,d,phones,h
1.95,2.15,ə,phones,h
