Begin,End,Label,Type,Speaker
0.32,0.4,a,words,h
0.4,0.92,korean,words,h
0.92,1.23,man,words,h
1.23,1.73,sells,words,h
1.73,2.32,soda,words,h
0.32,0.4,æ,phones,h
0.4,0.52,kʰ,phones,h
0.52,0.56,ə,phones,h
0.56,0.67,ɹ,phones,h
0.67,0.81,ɪ,phones,h
0.81,0.92,n̩,phones,h
0.92,0.96,m,phones,h
0.96,1.09,æ,phones,h
1.09,1.23,n,phones,h
1.23,1.39,s,phones,h
1.39,1.52,ɛ,phones,h
1.52,1.68,ɫ,phones,h
1.68,1.73,z,phones,h
1.73,1.97,s,phones,h
1.97,2.1,əw,phones,h
2.1,2.15,d,phones,h
2.15,2.32,ə,phones,h
