Begin,End,Label,Type,Speaker
0.31,0.66,people,words,h
0.66,1.17,stare,words,h
1.24,1.48,at,words,h
1.52,2.05,the,words,h
2.05,2.45,orange,words,h
2.45,2.92,fish,words,h
0.31,0.39,pʰ,phones,h
0.39,0.47,iː,phones,h
0.47,0.57,p,phones,h
0.57,0.66,ɫ̩,phones,h
0.66,0.81,s,phones,h
0.81,0.87,t,phones,h
0.87,1.17,ɛː,phones,h
1.24,1.35,æ,phones,h
1.35,1.48,t,phones,h
1.52,1.65,ð,phones,h
1.65,1.91,iː,phones,h
1.91,2.05,ʔ,phones,h
2.05,2.1,ɒ,phones,h
2.1,2.25,ɹ,phones,h
2.25,2.31,ɪ,phones,h
2.31,2.37,n,phones,h
2.37,2.45,dʒ,phones,h
2.45,2.53,f,phones,h
2.53,2.68,ɪ,phones,h
2.68,2.92,ʃ,phones,h
