Begin,End,Label,Type,Speaker
0.25,0.33,a,words,h
0.33,0.62,boy,words,h
0.62,0.85,in,words,h
0.85,1.19,white,words,h
1.19,1.73,plays,words,h
1.73,2.49,baseball,words,h
0.25,0.33,ə,phones,h
0.33,0.43,b,phones,h
0.43,0.62,ɔj,phones,h
0.62,0.74,i,phones,h
0.74,0.85,n,phones,h
0.85,0.96,w,phones,h
0.96,1.12,aj,phones,h
1.12,1.19,t,phones,h
1.19,1.25,p,phones,h
1.25,1.34,l,phones,h
1.34,1.55,ej,phones,h
1.55,1.73,z,phones,h
1.73,1.77,b,phones,h
1.77,1.95,ej,phones,h
1.95,2.05,s,phones,h
2.05,2.1,b,phones,h
2.1,2.25,ɒː,phones,h
2.25,2.49,ɫ,phones,h
