Begin,End,Label,Type,Speaker
0.25,0.54,a,words,h
0.54,0.91,boy,words,h
0.91,1.09,in,words,h
1.09,1.44,white,words,h
1.44,1.77,plays,words,h
1.77,2.31,baseball,words,h
0.25,0.54,ej,phones,h
0.54,0.65,b,phones,h
0.65,0.91,ɔj,phones,h
0.91,0.95,ʔ,phones,h
0.95,1.01,ɪ,phones,h
1.01,1.09,n,phones,h
1.09,1.2,w,phones,h
1.2,1.37,aj,phones,h
1.37,1.44,t,phones,h
1.44,1.52,p,phones,h
1.52,1.56,l,phones,h
1.56,1.67,ej,phones,h
1.67,1.77,z,phones,h
1.77,1.81,b,phones,h
1.81,1.93,ej,phones,h
1.93,2.03,s,phones,h
2.03,2.08,b,phones,h
2.08,2.19,ɒː,phones,h
2.19,2.31,ɫ,phones,h
