Begin,End,Label,Type,Speaker
0.43,0.52,a,words,h
0.52,0.8,boy,words,h
0.8,1.06,in,words,h
1.06,1.41,white,words,h
1.41,1.78,plays,words,h
1.78,2.34,baseball,words,h
0.43,0.52,ə,phones,h
0.52,0.64,b,phones,h
0.64,0.8,ɔj,phones,h
0.8,0.99,i,phones,h
0.99,1.06,n,phones,h
1.06,1.18,w,phones,h
1.18,1.33,aj,phones,h
1.33,1.41,t,phones,h
1.41,1.5,p,phones,h
1.5,1.55,l,phones,h
1.55,1.68,ej,phones,h
1.68,1.78,z,phones,h
1.78,1.82,b,phones,h
1.82,1.95,ej,phones,h
1.95,2.06,s,phones,h
2.06,2.1,b,phones,h
2.1,2.22,ɒː,phones,h
2.22,2.34,ɫ,phones,h
