Begin,End,Label,Type,Speaker
0.17,0.25,a,words,h
0.25,0.54,boy,words,h
0.54,1.03,in,words,h
1.03,1.36,white,words,h
1.36,1.68,plays,words,h
1.68,2.28,baseball,words,h
0.17,0.25,ə,phones,h
0.25,0.37,b,phones,h
0.37,0.54,ɔj,phones,h
0.54,0.85,i,phones,h
0.85,1.03,n,phones,h
1.03,1.13,w,phones,h
1.13,1.3,aj,phones,h
1.3,1.36,t,phones,h
1.36,1.46,p,phones,h
1.46,1.49,l,phones,h
1.49,1.59,ej,phones,h
1.59,1.68,z,phones,h
1.68,1.72,b,phones,h
1.72,1.86,ej,phones,h
1.86,1.95,s,phones,h
1.95,2.0,b,phones,h
2.0,2.11,ɒː,phones,h
2.11,2.28,ɫ,phones,h
