Begin,End,Label,Type,Speaker
0.39,0.47,a,words,h
0.47,0.71,boy,words,h
0.71,0.91,in,words,h
0.91,1.25,white,words,h
1.25,1.8,plays,words,h
1.8,2.47,baseball,words,h
0.39,0.47,ə,phones,h
0.47,0.57,b,phones,h
0.57,0.71,ɔj,phones,h
0.71,0.83,i,phones,h
0.83,0.91,n,phones,h
0.91,1.01,w,phones,h
1.01,1.15,aj,phones,h
1.15,1.25,t,phones,h
1.25,1.39,p,phones,h
1.39,1.43,l,phones,h
1.43,1.65,ej,phones,h
1.65,1.8,z,phones,h
1.8,1.84,b,phones,h
1.84,1.98,ej,phones,h
1.98,2.09,s,phones,h
2.09,2.14,b,phones,h
2.14,2.28,ɒː,phones,h
2.28,2.47,ɫ,phones,h
