Begin,End,Label,Type,Speaker
0.15,0.81,someone,words,h
0.81,0.91,is,words,h
0.91,1.47,suspended,words,h
1.47,1.7,from,words,h
1.7,2.25,electrical,words,h
2.25,2.84,wires,words,h
0.15,0.35,s,phones,h
0.35,0.45,ɐ,phones,h
0.45,0.56,m,phones,h
0.56,0.62,w,phones,h
0.62,0.74,ɐ,phones,h
0.74,0.81,n,phones,h
0.81,0.87,ɪ,phones,h
0.87,0.91,z,phones,h
0.91,0.98,s,phones,h
0.98,1.04,ə,phones,h
1.04,1.12,s,phones,h
1.12,1.21,p,phones,h
1.21,1.28,ɛ,phones,h
1.28,1.35,n,phones,h
1.35,1.39,d,phones,h
1.39,1.43,ɪ,phones,h
1.43,1.47,d,phones,h
1.47,1.58,f,phones,h
1.58,1.61,ɹ,phones,h
1.61,1.65,ɐ,phones,h
1.65,1.7,m,phones,h
1.7,1.73,ɪ,phones,h
1.73,1.79,l,phones,h
1.79,1.86,ɛ,phones,h
1.86,1.91,k,phones,h
1.91,1.99,t,phones,h
1.99,2.02,ɹ,phones,h
2.02,2.05,ɪ,phones,h
2.05,2.14,k,phones,h
2.14,2.25,ɫ̩,phones,h
2.25,2.36,w,phones,h
2.36,2.59,aj,phones,h
2.59,2.64,ɛ,phones,h
2.64,2.84,z,phones,h
