Begin,End,Label,Type,Speaker
0.36,0.71,two,words,h
0.71,1.12,dogs,words,h
1.12,1.37,walk,words,h
1.37,1.53,through,words,h
1.53,1.61,the,words,h
1.61,1.99,snow,words,h
0.36,0.47,tʰ,phones,h
0.47,0.71,ʉ,phones,h
0.71,0.79,d,phones,h
0.79,0.97,ɒ,phones,h
0.97,1.04,ɡ,phones,h
1.04,1.12,z,phones,h
1.12,1.17,w,phones,h
1.17,1.29,ɒ,phones,h
1.29,1.37,k,phones,h
1.37,1.45,θ,phones,h
1.45,1.49,ɹ,phones,h
1.49,1.53,ʉː,phones,h
1.53,1.56,ð,phones,h
1.56,1.61,ə,phones,h
1.61,1.73,s,phones,h
1.73,1.78,n,phones,h
1.78,1.99,ow,phones,h
