Begin,End,Label,Type,Speaker
0.46,0.73,a,words,h
0.73,1.09,boy,words,h
1.09,1.67,enjoys,words,h
1.67,1.73,a,words,h
1.73,2.03,rain,words,h
2.03,2.52,shower,words,h
0.46,0.73,ej,phones,h
0.73,0.83,b,phones,h
0.83,1.09,ɔj,phones,h
1.09,1.19,ɪ,phones,h
1.19,1.27,n,phones,h
1.27,1.35,dʒ,phones,h
1.35,1.55,ɔj,phones,h
1.55,1.67,z,phones,h
1.67,1.73,ə,phones,h
1.73,1.82,ɹ,phones,h
1.82,1.96,ej,phones,h
1.96,2.03,n,phones,h
2.03,2.18,ʃ,phones,h
2.18,2.33,aw,phones,h
2.33,2.52,ə,phones,h
