Begin,End,Label,Type,Speaker
0.47,0.55,a,words,h
0.55,0.92,boy,words,h
0.92,1.5,enjoys,words,h
1.5,1.59,a,words,h
1.59,2.17,rain,words,h
2.17,2.68,shower,words,h
0.47,0.55,ə,phones,h
0.55,0.67,b,phones,h
0.67,0.92,ɔj,phones,h
0.92,1.03,ɪ,phones,h
1.03,1.12,n,phones,h
1.12,1.2,dʒ,phones,h
1.2,1.4,ɔj,phones,h
1.4,1.5,z,phones,h
1.5,1.59,ə,phones,h
1.59,1.78,ɹ,phones,h
1.78,2.04,ej,phones,h
2.04,2.17,n,phones,h
2.17,2.31,ʃ,phones,h
2.31,2.58,aw,phones,h
2.58,2.68,ə,phones,h
