Begin,End,Label,Type,Speaker
0.37,0.73,people,words,h
0.73,1.08,stand,words,h
1.08,1.19,on,words,h
1.19,1.26,a,words,h
1.26,1.79,colorful,words,h
1.79,2.42,balcony,words,h
0.37,0.44,pʰ,phones,h
0.44,0.53,iː,phones,h
0.53,0.62,p,phones,h
0.62,0.73,ɫ̩,phones,h
0.73,0.84,s,phones,h
0.84,0.9,t,phones,h
0.9,1.02,a,phones,h
1.02,1.05,n,phones,h
1.05,1.08,d,phones,h
1.08,1.13,ɒ,phones,h
1.13,1.19,n,phones,h
1.19,1.26,ə,phones,h
1.26,1.39,kʰ,phones,h
1.39,1.44,ɐ,phones,h
1.44,1.5,l,phones,h
1.5,1.53,ə,phones,h
1.53,1.66,f,phones,h
1.66,1.79,ɫ̩,phones,h
1.79,1.86,b,phones,h
1.86,1.92,æ,phones,h
1.92,2.0,ɫ,phones,h
2.0,2.12,k,phones,h
2.12,2.16,ə,phones,h
2.16,2.21,ɲ,phones,h
2.21,2.42,i,phones,h
