Begin,End,Label,Type,Speaker
0.66,1.11,people,words,h
1.11,1.55,stand,words,h
1.55,1.64,on,words,h
1.64,1.72,a,words,h
1.72,2.19,colorful,words,h
2.19,2.82,balcony,words,h
0.66,0.72,pʰ,phones,h
0.72,0.87,iː,phones,h
0.87,0.99,p,phones,h
0.99,1.11,ɫ̩,phones,h
1.11,1.25,s,phones,h
1.25,1.31,t,phones,h
1.31,1.48,æ,phones,h
1.48,1.52,n,phones,h
1.52,1.55,d,phones,h
1.55,1.6,ɒ,phones,h
1.6,1.64,n,phones,h
1.64,1.72,ə,phones,h
1.72,1.84,kʰ,phones,h
1.84,1.9,ɐ,phones,h
1.9,1.95,l,phones,h
1.95,1.98,ə,phones,h
1.98,2.1,f,phones,h
2.1,2.19,ɫ̩,phones,h
2.19,2.27,b,phones,h
2.27,2.31,æ,phones,h
2.31,2.41,ɫ,phones,h
2.41,2.52,k,phones,h
2.52,2.55,ə,phones,h
2.55,2.6,ɲ,phones,h
2.6,2.82,i,phones,h
