Begin,End,Label,Type,Speaker
0.59,1.0,three,words,h
1.0,1.4,women,words,h
1.4,1.71,walk,words,h
1.71,2.0,down,words,h
2.0,2.29,the,words,h
2.29,2.97,street,words,h
0.59,0.8,θ,phones,h
0.8,0.86,ɹ,phones,h
0.86,1.0,iː,phones,h
1.0,1.11,w,phones,h
1.11,1.18,ɪ,phones,h
1.18,1.26,m,phones,h
1.26,1.32,ɪ,phones,h
1.32,1.4,n,phones,h
1.4,1.5,w,phones,h
1.5,1.61,ɒ,phones,h
1.61,1.71,k,phones,h
1.71,1.76,d,phones,h
1.76,1.91,aw,phones,h
1.91,2.0,n,phones,h
2.0,2.07,ð,phones,h
2.07,2.29,i,phones,h
2.29,2.42,s,phones,h
2.42,2.53,t,phones,h
2.53,2.57,ɹ,phones,h
2.57,2.75,iː,phones,h
2.75,2.97,t,phones,h
