Begin,End,Label,Type,Speaker
0.26,0.65,three,words,h
0.65,1.26,women,words,h
1.32,1.64,walk,words,h
1.64,1.84,down,words,h
1.84,1.95,the,words,h
1.95,2.53,street,words,h
0.26,0.45,θ,phones,h
0.45,0.53,ɹ,phones,h
0.53,0.65,iː,phones,h
0.65,0.81,w,phones,h
0.81,0.88,ɪ,phones,h
0.88,0.95,m,phones,h
0.95,1.05,ɪ,phones,h
1.05,1.26,n,phones,h
1.32,1.45,w,phones,h
1.45,1.54,ɒː,phones,h
1.54,1.64,k,phones,h
1.64,1.69,d,phones,h
1.69,1.78,aw,phones,h
1.78,1.84,n,phones,h
1.84,1.89,ð,phones,h
1.89,1.95,ə,phones,h
1.95,2.06,s,phones,h
2.06,2.12,t,phones,h
2.12,2.19,ɹ,phones,h
2.19,2.33,iː,phones,h
2.33,2.53,t,phones,h
