Begin,End,Label,Type,Speaker
0.26,0.56,three,words,h
0.56,0.99,women,words,h
0.99,1.31,walk,words,h
1.31,1.54,down,words,h
1.54,1.76,the,words,h
1.76,2.64,street,words,h
0.26,0.36,θ,phones,h
0.36,0.43,ɹ,phones,h
0.43,0.56,iː,phones,h
0.56,0.7,w,phones,h
0.7,0.78,ɪ,phones,h
0.78,0.85,m,phones,h
0.85,0.92,ɪ,phones,h
0.92,0.99,n,phones,h
0.99,1.11,w,phones,h
1.11,1.21,ɒ,phones,h
1.21,1.31,k,phones,h
1.31,1.37,d,phones,h
1.37,1.48,aw,phones,h
1.48,1.54,n,phones,h
1.54,1.62,ð,phones,h
1.62,1.76,i,phones,h
1.76,1.89,s,phones,h
1.89,2.0,t,phones,h
2.0,2.07,ɹ,phones,h
2.07,2.31,iː,phones,h
2.31,2.64,t,phones,h
