Begin,End,Label,Type,Speaker
0.39,0.81,three,words,h
0.81,1.26,women,words,h
1.26,1.67,walk,words,h
1.67,2.08,down,words,h
2.08,2.18,the,words,h
2.18,2.86,street,words,h
0.39,0.62,θ,phones,h
0.62,0.68,ɹ,phones,h
0.68,0.81,iː,phones,h
0.81,0.95,w,phones,h
0.95,1.01,ɪ,phones,h
1.01,1.1,m,phones,h
1.1,1.16,ɪ,phones,h
1.16,1.26,n,phones,h
1.26,1.36,w,phones,h
1.36,1.49,ɒ,phones,h
1.49,1.67,k,phones,h
1.67,1.73,d,phones,h
1.73,1.99,aw,phones,h
1.99,2.08,n,phones,h
2.08,2.12,ð,phones,h
2.12,2.18,ə,phones,h
2.18,2.32,s,phones,h
2.32,2.39,t,phones,h
2.39,2.46,ɹ,phones,h
2.46,2.64,iː,phones,h
2.64,2.86,t,phones,h
