Begin,End,Label,Type,Speaker
0.47,0.78,a,words,h
0.78,1.12,girl,words,h
1.12,1.55,walks,words,h
1.55,1.67,in,words,h
1.67,1.84,the,words,h
1.84,2.36,ocean,words,h
0.47,0.78,ej,phones,h
0.78,0.9,ɡ,phones,h
0.9,1.05,ɝ,phones,h
1.05,1.12,ɫ,phones,h
1.12,1.29,w,phones,h
1.29,1.4,ɒ,phones,h
1.4,1.46,k,phones,h
1.46,1.55,s,phones,h
1.55,1.6,ɪ,phones,h
1.6,1.67,n,phones,h
1.67,1.71,ð,phones,h
1.71,1.84,i,phones,h
1.84,1.95,ow,phones,h
1.95,2.09,ʃ,phones,h
2.09,2.16,ə,phones,h
2.16,2.36,n,phones,h
