Begin,End,Label,Type,Speaker
0.48,0.6,a,words,h
0.6,0.97,girl,words,h
0.97,1.38,walks,words,h
1.38,1.49,in,words,h
1.49,1.67,the,words,h
1.67,2.21,ocean,words,h
0.48,0.6,ə,phones,h
0.6,0.71,ɡ,phones,h
0.71,0.83,ɝ,phones,h
0.83,0.97,ɫ,phones,h
0.97,1.06,w,phones,h
1.06,1.2,ɒ,phones,h
1.2,1.27,k,phones,h
1.27,1.38,s,phones,h
1.38,1.42,ɪ,phones,h
1.42,1.49,n,phones,h
1.49,1.54,ð,phones,h
1.54,1.67,i,phones,h
1.67,1.79,ow,phones,h
1.79,1.94,ʃ,phones,h
1.94,2.0,ə,phones,h
2.0,2.21,n,phones,h
