Begin,End,Label,Type,Speaker
0.27,0.35,a,words,h
0.35,0.67,dog,words,h
0.67,1.07,swims,words,h
1.07,1.27,in,words,h
1.27,1.34,a,words,h
1.34,1.88,pool,words,h
0.27,0.35,ə,phones,h
0.35,0.46,d,phones,h
0.46,0.59,ɒ,phones,h
0.59,0.67,ɡ,phones,h
0.67,0.77,s,phones,h
0.77,0.82,w,phones,h
0.82,0.92,ɪ,phones,h
0.92,1.0,m,phones,h
1.0,1.07,z,phones,h
1.07,1.2,ɪ,phones,h
1.2,1.27,n,phones,h
1.27,1.34,ə,phones,h
1.34,1.52,pʰ,phones,h
1.52,1.78,uː,phones,h
1.78,1.88,ɫ,phones,h
