Begin,End,Label,Type,Speaker
0.4,0.48,a,words,h
0.48,0.8,dog,words,h
0.8,1.34,swims,words,h
1.34,1.69,in,words,h
1.69,1.89,a,words,h
1.89,2.29,pool,words,h
0.4,0.48,ə,phones,h
0.48,0.59,d,phones,h
0.59,0.72,ɒ,phones,h
0.72,0.8,ɡ,phones,h
0.8,0.89,s,phones,h
0.89,0.94,w,phones,h
0.94,1.05,ɪ,phones,h
1.05,1.18,m,phones,h
1.18,1.34,z,phones,h
1.34,1.4,ʔ,phones,h
1.4,1.54,ɪ,phones,h
1.54,1.69,n,phones,h
1.69,1.89,ə,phones,h
1.89,1.99,pʰ,phones,h
1.99,2.03,ʉ,phones,h
2.03,2.29,ɫ,phones,h
