Begin,End,Label,Type,Speaker
0.37,0.45,a,words,h
0.45,0.76,boy,words,h
0.76,1.13,is,words,h
1.13,1.67,covered,words,h
1.67,1.84,with,words,h
1.84,2.44,marker,words,h
0.37,0.45,ə,phones,h
0.45,0.58,b,phones,h
0.58,0.76,ɔj,phones,h
0.76,0.94,ɪ,phones,h
0.94,1.13,z,phones,h
1.13,1.25,kʰ,phones,h
1.25,1.34,ɐ,phones,h
1.34,1.42,v,phones,h
1.42,1.56,ə,phones,h
1.56,1.67,d,phones,h
1.67,1.71,w,phones,h
1.71,1.77,ɪ,phones,h
1.77,1.84,θ,phones,h
1.84,1.92,m,phones,h
1.92,2.05,ɑː,phones,h
2.05,2.2,k,phones,h
2.2,2.44,ə,phones,h
