Begin,End,Label,Type,Speaker
0.38,0.46,a,words,h
0.46,0.72,boy,words,h
0.72,0.91,is,words,h
0.91,1.38,covered,words,h
1.38,1.86,with,words,h
1.86,2.46,marker,words,h
0.38,0.46,ə,phones,h
0.46,0.53,b,phones,h
0.53,0.72,ɔj,phones,h
0.72,0.77,ɪ,phones,h
0.77,0.91,z,phones,h
0.91,1.0,kʰ,phones,h
1.0,1.08,ɐ,phones,h
1.08,1.15,v,phones,h
1.15,1.29,ə,phones,h
1.29,1.38,d,phones,h
1.38,1.49,w,phones,h
1.49,1.66,i,phones,h
1.66,1.86,θ,phones,h
1.86,1.94,m,phones,h
1.94,2.07,ɑː,phones,h
2.07,2.23,k,phones,h
2.23,2.46,ə,phones,h
