Begin,End,Label,Type,Speaker
0.2,0.3,the,words,h
0.3,0.7,girls,words,h
0.7,0.94,walk,words,h
0.94,1.16,down,words,h
1.16,1.27,the,words,h
1.27,1.86,street,words,h
0.2,0.26,ð,phones,h
0.26,0.3,ə,phones,h
0.3,0.38,ɡ,phones,h
0.38,0.47,ɝ,phones,h
0.47,0.6,ɫ,phones,h
0.6,0.7,z,phones,h
0.7,0.77,w,phones,h
0.77,0.84,ɒ,phones,h
0.84,0.94,k,phones,h
0.94,0.99,d,phones,h
0.99,1.12,aw,phones,h
1.12,1.16,n,phones,h
1.16,1.21,ð,phones,h
1.21,1.27,ə,phones,h
1.27,1.38,s,phones,h
1.38,1.48,t,phones,h
1.48,1.55,ɹ,phones,h
1.55,1.72,iː,phones,h
1.72,1.86,ʔ,phones,h
