Begin,End,Label,Type,Speaker
0.47,1.0,men,words,h
1.0,1.13,are,words,h
1.13,1.73,standing,words,h
1.73,2.22,beside,words,h
2.22,2.25,a,words,h
2.25,3.26,stonesign,words,h
0.47,0.61,m,phones,h
0.61,0.76,ɛ,phones,h
0.76,1.0,n,phones,h
1.0,1.09,ɑ,phones,h
1.09,1.13,ɹ,phones,h
1.13,1.26,s,phones,h
1.26,1.32,t,phones,h
1.32,1.42,æ,phones,h
1.42,1.52,n,phones,h
1.52,1.56,d,phones,h
1.56,1.63,ɪ,phones,h
1.63,1.73,ŋ,phones,h
1.73,1.78,bʲ,phones,h
1.78,1.83,i,phones,h
1.83,1.99,s,phones,h
1.99,2.17,aj,phones,h
2.17,2.22,d,phones,h
2.22,2.25,ə,phones,h
2.25,3.26,spn,phones,h
