Begin,End,Label,Type,Speaker
0.52,1.09,men,words,h
1.09,1.18,are,words,h
1.18,1.76,standing,words,h
1.76,2.14,beside,words,h
2.14,2.17,a,words,h
2.17,3.05,stonesign,words,h
0.52,0.73,m,phones,h
0.73,0.91,ɛ,phones,h
0.91,1.09,n,phones,h
1.09,1.18,ə,phones,h
1.18,1.3,s,phones,h
1.3,1.36,t,phones,h
1.36,1.46,æ,phones,h
1.46,1.54,n,phones,h
1.54,1.58,d,phones,h
1.58,1.66,ɪ,phones,h
1.66,1.76,ŋ,phones,h
1.76,1.81,b,phones,h
1.81,1.86,ɪ,phones,h
1.86,1.98,s,phones,h
1.98,2.11,aj,phones,h
2.11,2.14,d,phones,h
2.14,2.17,ə,phones,h
2.17,3.05,spn,phones,h
