Begin,End,Label,Type,Speaker
0.54,0.63,a,words,h
0.63,0.99,dog,words,h
0.99,1.41,trots,words,h
1.41,1.61,through,words,h
1.61,1.71,the,words,h
1.71,2.27,grass,words,h
0.54,0.63,ə,phones,h
0.63,0.73,d,phones,h
0.73,0.89,ɒ,phones,h
0.89,0.99,ɡ,phones,h
0.99,1.08,t,phones,h
1.08,1.12,ɹ,phones,h
1.12,1.21,ɑ,phones,h
1.21,1.28,t,phones,h
1.28,1.41,s,phones,h
1.41,1.51,θ,phones,h
1.51,1.57,ɹ,phones,h
1.57,1.61,ʉː,phones,h
1.61,1.65,ð,phones,h
1.65,1.71,ə,phones,h
1.71,1.77,ɟ,phones,h
1.77,1.84,ɹ,phones,h
1.84,2.03,æ,phones,h
2.03,2.27,s,phones,h
