Begin,End,Label,Type,Speaker
0.46,0.53,a,words,h
0.53,0.85,dog,words,h
0.85,1.29,trots,words,h
1.29,1.53,through,words,h
1.53,1.9,the,words,h
1.9,2.53,grass,words,h
0.46,0.53,ə,phones,h
0.53,0.63,d,phones,h
0.63,0.75,ɒ,phones,h
0.75,0.85,ɡ,phones,h
0.85,0.93,t,phones,h
0.93,0.98,ɹ,phones,h
0.98,1.08,ɑ,phones,h
1.08,1.13,t,phones,h
1.13,1.29,s,phones,h
1.29,1.38,θ,phones,h
1.38,1.49,ɹ,phones,h
1.49,1.53,ʉː,phones,h
1.53,1.66,ð,phones,h
1.66,1.9,i,phones,h
1.9,1.97,ɟ,phones,h
1.97,2.06,ɹ,phones,h
2.06,2.26,æ,phones,h
2.26,2.53,s,phones,h
