Begin,End,Label,Type,Speaker
0.0,0.37,three,words,h
0.37,0.58,are,words,h
0.58,1.17,standing,words,h
1.17,1.32,on,words,h
1.32,1.36,a,words,h
1.36,1.98,mountain,words,h
0.0,0.07,θ,phones,h
0.07,0.18,ɹ,phones,h
0.18,0.37,iː,phones,h
0.37,0.53,ɑ,phones,h
0.53,0.58,ɹ,phones,h
0.58,0.71,s,phones,h
0.71,0.77,t,phones,h
0.77,0.88,æ,phones,h
0.88,0.97,n,phones,h
0.97,1.0,d,phones,h
1.0,1.09,ɪ,phones,h
1.09,1.17,ŋ,phones,h
1.17,1.26,ɒ,phones,h
1.26,1.32,n,phones,h
1.32,1.36,ə,phones,h
1.36,1.44,m,phones,h
1.44,1.56,aw,phones,h
1.56,1.62,n,phones,h
1.62,1.72,t,phones,h
1.72,1.79,ə,phones,h
1.79,1.98,n,phones,h
