Begin,End,Label,Type,Speaker
0.14,0.47,three,words,h
0.47,0.55,are,words,h
0.55,1.14,standing,words,h
1.14,1.63,on,words,h
1.63,1.73,a,words,h
1.73,2.46,mountain,words,h
0.14,0.28,θ,phones,h
0.28,0.36,ɹ,phones,h
0.36,0.47,iː,phones,h
0.47,0.55,ə,phones,h
0.55,0.66,s,phones,h
0.66,0.71,t,phones,h
0.71,0.82,æ,phones,h
0.82,0.89,n,phones,h
0.89,0.93,d,phones,h
0.93,1.05,ɪ,phones,h
1.05,1.14,ŋ,phones,h
1.14,1.24,ʔ,phones,h
1.24,1.45,ɔ,phones,h
1.45,1.63,n,phones,h
1.63,1.73,ə,phones,h
1.73,1.82,m,phones,h
1.82,1.95,aw,phones,h
1.95,2.03,n,phones,h
2.03,2.13,t,phones,h
2.13,2.23,ə,phones,h
2.23,2.46,n,phones,h
