Begin,End,Label,Type,Speaker
0.41,0.65,two,words,h
0.65,1.25,men,words,h
1.25,1.44,are,words,h
1.44,1.84,watching,words,h
1.84,2.48,something,words,h
0.41,0.53,tʰ,phones,h
0.53,0.65,ʉ,phones,h
0.65,0.84,m,phones,h
0.84,1.13,ɛ,phones,h
1.13,1.25,n,phones,h
1.25,1.38,ɑ,phones,h
1.38,1.44,ɹ,phones,h
1.44,1.53,w,phones,h
1.53,1.59,ɒ,phones,h
1.59,1.72,tʃ,phones,h
1.72,1.77,ɪ,phones,h
1.77,1.84,ŋ,phones,h
1.84,1.95,s,phones,h
1.95,2.01,ɐ,phones,h
2.01,2.08,m,phones,h
2.08,2.18,θ,phones,h
2.18,2.31,ɪ,phones,h
2.31,2.48,ŋ,phones,h
