Begin,End,Label,Type,Speaker
0.55,0.74,two,words,h
0.74,0.94,men,words,h
0.94,1.08,are,words,h
1.08,1.61,watching,words,h
1.61,2.48,something,words,h
0.55,0.66,tʰ,phones,h
0.66,0.74,ʉ,phones,h
0.74,0.79,m,phones,h
0.79,0.89,ɛ,phones,h
0.89,0.94,n,phones,h
0.94,1.04,ɑ,phones,h
1.04,1.08,ɹ,phones,h
1.08,1.18,w,phones,h
1.18,1.25,ɒ,phones,h
1.25,1.39,tʃ,phones,h
1.39,1.49,ɪ,phones,h
1.49,1.61,ŋ,phones,h
1.61,1.79,s,phones,h
1.79,1.85,ɐ,phones,h
1.85,1.97,m,phones,h
1.97,2.1,θ,phones,h
2.1,2.21,ɪ,phones,h
2.21,2.48,ŋ,phones,h
