Begin,End,Label,Type,Speaker
0.56,0.82,a,words,h
0.82,1.13,wet,words,h
1.13,1.65,spaniel,words,h
1.65,2.11,clears,words,h
2.11,2.15,a,words,h
2.15,2.64,jump,words,h
0.56,0.82,ej,phones,h
0.82,0.96,w,phones,h
0.96,1.06,ɛ,phones,h
1.06,1.13,t,phones,h
1.13,1.22,s,phones,h
1.22,1.3,p,phones,h
1.3,1.4,æ,phones,h
1.4,1.53,ɲ,phones,h
1.53,1.65,ɫ̩,phones,h
1.65,1.83,c,phones,h
1.83,1.86,ʎ,phones,h
1.86,1.99,ɪ,phones,h
1.99,2.05,ə,phones,h
2.05,2.11,z,phones,h
2.11,2.15,ə,phones,h
2.15,2.27,dʒ,phones,h
2.27,2.37,ɐ,phones,h
2.37,2.47,m,phones,h
2.47,2.64,p,phones,h
