Begin,End,Label,Type,Speaker
0.6,0.7,a,words,h
0.7,0.92,wet,words,h
0.92,1.46,spaniel,words,h
1.46,2.04,clears,words,h
2.1,2.47,a,words,h
2.47,3.05,jump,words,h
0.6,0.7,æ,phones,h
0.7,0.79,w,phones,h
0.79,0.85,ɛ,phones,h
0.85,0.92,t,phones,h
0.92,1.03,s,phones,h
1.03,1.11,p,phones,h
1.11,1.21,æ,phones,h
1.21,1.34,ɲ,phones,h
1.34,1.46,ɫ̩,phones,h
1.46,1.6,c,phones,h
1.6,1.66,ʎ,phones,h
1.66,1.77,ɪ,phones,h
1.77,1.89,ə,phones,h
1.89,2.04,z,phones,h
2.1,2.47,ej,phones,h
2.47,2.61,dʒ,phones,h
2.61,2.74,ɐ,phones,h
2.74,2.84,m,phones,h
2.84,3.05,p,phones,h
