Begin,End,Label,Type,Speaker
0.38,0.5,a,words,h
0.5,0.72,wet,words,h
0.72,1.29,spaniel,words,h
1.29,1.99,clears,words,h
1.99,2.1,a,words,h
2.1,2.66,jump,words,h
0.38,0.5,ə,phones,h
0.5,0.57,w,phones,h
0.57,0.65,ɛ,phones,h
0.65,0.72,t,phones,h
0.72,0.82,s,phones,h
0.82,0.91,p,phones,h
0.91,1.0,æ,phones,h
1.0,1.14,ɲ,phones,h
1.14,1.29,ɫ̩,phones,h
1.29,1.48,c,phones,h
1.48,1.55,ʎ,phones,h
1.55,1.81,ɪ,phones,h
1.81,1.89,ə,phones,h
1.89,1.99,z,phones,h
1.99,2.1,ə,phones,h
2.1,2.19,dʒ,phones,h
2.19,2.32,ɐ,phones,h
2.32,2.43,m,phones,h
2.43,2.66,p,phones,h
