Begin,End,Label,Type,Speaker
0.22,0.34,a,words,h
0.34,0.98,man,words,h
0.98,1.35,takes,words,h
1.35,1.58,out,words,h
1.58,1.61,a,words,h
1.61,2.3,cigarette,words,h
0.22,0.34,ə,phones,h
0.34,0.6,m,phones,h
0.6,0.87,æ,phones,h
0.87,0.98,n,phones,h
0.98,1.06,tʰ,phones,h
1.06,1.18,ej,phones,h
1.18,1.23,k,phones,h
1.23,1.35,s,phones,h
1.35,1.48,aw,phones,h
1.48,1.58,t,phones,h
1.58,1.61,ə,phones,h
1.61,1.73,s,phones,h
1.73,1.8,ɪ,phones,h
1.8,1.85,ɡ,phones,h
1.85,1.89,ə,phones,h
1.89,1.96,ɹ,phones,h
1.96,2.11,ɛ,phones,h
2.11,2.3,t,phones,h
