Begin,End,Label,Type,Speaker
0.53,0.61,a,words,h
0.61,0.98,man,words,h
0.98,1.69,relaxes,words,h
1.69,2.13,with,words,h
2.13,2.38,his,words,h
2.38,3.03,backpack,words,h
0.53,0.61,ə,phones,h
0.61,0.74,m,phones,h
0.74,0.89,æ,phones,h
0.89,0.98,n,phones,h
0.98,1.04,ɹ,phones,h
1.04,1.07,ɪ,phones,h
1.07,1.15,l,phones,h
1.15,1.26,æ,phones,h
1.26,1.32,k,phones,h
1.32,1.41,s,phones,h
1.41,1.55,iː,phones,h
1.55,1.69,z,phones,h
1.69,1.83,w,phones,h
1.83,2.01,i,phones,h
2.01,2.13,θ,phones,h
2.13,2.18,ç,phones,h
2.18,2.26,ɪ,phones,h
2.26,2.38,z,phones,h
2.38,2.42,b,phones,h
2.42,2.52,æ,phones,h
2.52,2.63,k,phones,h
2.63,2.68,pʰ,phones,h
2.68,2.84,æ,phones,h
2.84,3.03,k,phones,h
