Begin,End,Label,Type,Speaker
0.34,0.66,there,words,h
0.66,0.7,are,words,h
0.7,1.05,many,words,h
1.05,1.55,different,words,h
1.55,2.07,colored,words,h
2.14,2.64,balls,words,h
0.34,0.44,ð,phones,h
0.44,0.52,ɛ,phones,h
0.52,0.66,ɹ,phones,h
0.66,0.7,ə,phones,h
0.7,0.82,m,phones,h
0.82,0.92,ɛ,phones,h
0.92,0.95,ɲ,phones,h
0.95,1.05,i,phones,h
1.05,1.17,d,phones,h
1.17,1.25,ɪ,phones,h
1.25,1.36,f,phones,h
1.36,1.39,ɹ,phones,h
1.39,1.42,ɛ,phones,h
1.42,1.51,n,phones,h
1.51,1.55,t,phones,h
1.55,1.7,kʰ,phones,h
1.7,1.77,ɐ,phones,h
1.77,1.86,l,phones,h
1.86,1.97,ə,phones,h
1.97,2.07,d,phones,h
2.14,2.2,b,phones,h
2.2,2.28,ɒː,phones,h
2.28,2.4,ɫ,phones,h
2.4,2.64,z,phones,h
