Begin,End,Label,Type,Speaker
0.4,0.62,there,words,h
0.62,0.65,are,words,h
0.65,0.95,many,words,h
0.95,1.43,different,words,h
1.43,1.88,colored,words,h
1.88,2.42,balls,words,h
0.4,0.44,ð,phones,h
0.44,0.52,ɛ,phones,h
0.52,0.62,ɹ,phones,h
0.62,0.65,ə,phones,h
0.65,0.76,m,phones,h
0.76,0.83,ɛ,phones,h
0.83,0.88,ɲ,phones,h
0.88,0.95,i,phones,h
0.95,1.06,d,phones,h
1.06,1.13,ɪ,phones,h
1.13,1.24,f,phones,h
1.24,1.28,ɹ,phones,h
1.28,1.32,ɛ,phones,h
1.32,1.39,n,phones,h
1.39,1.43,t,phones,h
1.43,1.55,kʰ,phones,h
1.55,1.61,ɔ,phones,h
1.61,1.67,l,phones,h
1.67,1.75,ɔ,phones,h
1.75,1.88,d,phones,h
1.88,1.93,b,phones,h
1.93,1.96,ɒː,phones,h
1.96,2.2,ɫ,phones,h
2.2,2.42,z,phones,h
