Begin,End,Label,Type,Speaker
0.3,0.73,there,words,h
0.73,1.01,are,words,h
1.01,1.37,many,words,h
1.37,1.79,different,words,h
1.79,2.16,colored,words,h
2.16,2.59,balls,words,h
0.3,0.45,ð,phones,h
0.45,0.69,ɛ,phones,h
0.69,0.73,ɹ,phones,h
0.73,0.98,ɑ,phones,h
0.98,1.01,ɹ,phones,h
1.01,1.14,m,phones,h
1.14,1.24,ɛ,phones,h
1.24,1.29,ɲ,phones,h
1.29,1.37,i,phones,h
1.37,1.47,d,phones,h
1.47,1.54,ɪ,phones,h
1.54,1.65,f,phones,h
1.65,1.68,ɹ,phones,h
1.68,1.76,n̩,phones,h
1.76,1.79,t,phones,h
1.79,1.88,kʰ,phones,h
1.88,1.94,ɔ,phones,h
1.94,2.01,l,phones,h
2.01,2.07,ɔ,phones,h
2.07,2.16,d,phones,h
2.16,2.21,b,phones,h
2.21,2.24,ɒː,phones,h
2.24,2.42,ɫ,phones,h
2.42,2.59,z,phones,h
