Begin,End,Label,Type,Speaker
0.55,0.9,this,words,h
0.9,1.29,person,words,h
1.29,1.54,is,words,h
1.54,1.95,rock,words,h
2.04,2.6,climbing,words,h
0.55,0.67,ð,phones,h
0.67,0.76,i,phones,h
0.76,0.9,s,phones,h
0.9,0.94,pʰ,phones,h
0.94,1.06,ɜː,phones,h
1.06,1.18,s,phones,h
1.18,1.23,ə,phones,h
1.23,1.29,n,phones,h
1.29,1.39,ɪ,phones,h
1.39,1.54,z,phones,h
1.54,1.63,ɹ,phones,h
1.63,1.78,ɒ,phones,h
1.78,1.95,k,phones,h
2.04,2.14,k,phones,h
2.14,2.18,l,phones,h
2.18,2.31,aj,phones,h
2.31,2.37,m,phones,h
2.37,2.46,ɪ,phones,h
2.46,2.6,ŋ,phones,h
