Begin,End,Label,Type,Speaker
0.51,0.58,a,words,h
0.58,0.93,man,words,h
0.93,1.55,kayaks,words,h
1.55,1.87,through,words,h
1.87,2.24,rough,words,h
2.24,2.74,water,words,h
0.51,0.58,ə,phones,h
0.58,0.7,m,phones,h
0.7,0.84,æ,phones,h
0.84,0.93,n,phones,h
0.93,1.06,cʰ,phones,h
1.06,1.26,aj,phones,h
1.26,1.35,æ,phones,h
1.35,1.42,k,phones,h
1.42,1.55,s,phones,h
1.55,1.65,θ,phones,h
1.65,1.82,ɹ,phones,h
1.82,1.87,ʉː,phones,h
1.87,2.1,ɹ,phones,h
2.1,2.16,ɐ,phones,h
2.16,2.24,f,phones,h
2.24,2.3,w,phones,h
2.3,2.45,ɒː,phones,h
2.45,2.57,t,phones,h
2.57,2.74,ə,phones,h
