Begin,End,Label,Type,Speaker
0.23,0.44,two,words,h
0.44,1.04,women,words,h
1.04,1.3,ride,words,h
1.3,1.42,their,words,h
1.42,1.75,three,words,h
1.75,2.43,wheelers,words,h
0.23,0.34,tʰ,phones,h
0.34,0.44,ʉ,phones,h
0.44,0.63,w,phones,h
0.63,0.71,ɪ,phones,h
0.71,0.78,m,phones,h
0.78,0.9,ɛ,phones,h
0.9,1.04,n,phones,h
1.04,1.1,ɹ,phones,h
1.1,1.27,aj,phones,h
1.27,1.3,d,phones,h
1.3,1.36,ð,phones,h
1.36,1.39,ɛ,phones,h
1.39,1.42,ɹ,phones,h
1.42,1.6,θ,phones,h
1.6,1.68,ɹ,phones,h
1.68,1.75,iː,phones,h
1.75,1.86,w,phones,h
1.86,2.0,iː,phones,h
2.0,2.08,l,phones,h
2.08,2.2,ɚ,phones,h
2.2,2.43,z,phones,h
