Begin,End,Label,Type,Speaker
0.49,0.58,a,words,h
0.58,0.98,man,words,h
0.98,1.53,kayaks,words,h
1.53,1.63,in,words,h
1.63,1.96,rough,words,h
1.96,2.57,water,words,h
0.49,0.58,ə,phones,h
0.58,0.7,m,phones,h
0.7,0.89,æ,phones,h
0.89,0.98,n,phones,h
0.98,1.09,cʰ,phones,h
1.09,1.31,aj,phones,h
1.31,1.35,æ,phones,h
1.35,1.42,k,phones,h
1.42,1.53,s,phones,h
1.53,1.57,ɪ,phones,h
1.57,1.63,n,phones,h
1.63,1.72,ɹ,phones,h
1.72,1.84,ɐ,phones,h
1.84,1.96,f,phones,h
1.96,2.05,w,phones,h
2.05,2.21,ɒː,phones,h
2.21,2.35,t,phones,h
2.35,2.57,ə,phones,h
