Begin,End,Label,Type,Speaker
0.65,0.73,a,words,h
0.73,1.13,man,words,h
1.13,1.72,kayaks,words,h
1.79,2.31,in,words,h
2.31,2.62,rough,words,h
2.62,3.13,water,words,h
0.65,0.73,ə,phones,h
0.73,0.84,m,phones,h
0.84,1.03,æ,phones,h
1.03,1.13,n,phones,h
1.13,1.24,cʰ,phones,h
1.24,1.49,aj,phones,h
1.49,1.53,æ,phones,h
1.53,1.6,k,phones,h
1.6,1.72,s,phones,h
1.79,2.02,i,phones,h
2.02,2.31,n,phones,h
2.31,2.46,ɹ,phones,h
2.46,2.52,ɐ,phones,h
2.52,2.62,f,phones,h
2.62,2.69,w,phones,h
2.69,2.84,ɒː,phones,h
2.84,2.98,t,phones,h
2.98,3.13,ə,phones,h
