Begin,End,Label,Type,Speaker
0.28,0.55,two,words,h
0.55,1.14,brownish,words,h
1.14,1.61,dogs,words,h
1.61,1.77,are,words,h
1.77,2.42,fighting,words,h
0.28,0.4,tʰ,phones,h
0.4,0.55,ʉ,phones,h
0.55,0.64,b,phones,h
0.64,0.68,ɹ,phones,h
0.68,0.81,aw,phones,h
0.81,0.87,ɲ,phones,h
0.87,0.97,i,phones,h
0.97,1.14,ʃ,phones,h
1.14,1.21,d,phones,h
1.21,1.44,ɒ,phones,h
1.44,1.52,ɡ,phones,h
1.52,1.61,z,phones,h
1.61,1.74,ɑ,phones,h
1.74,1.77,ɹ,phones,h
1.77,1.91,f,phones,h
1.91,2.07,aj,phones,h
2.07,2.2,t,phones,h
2.2,2.31,ɪ,phones,h
2.31,2.42,ŋ,phones,h
