Begin,End,Label,Type,Speaker
0.34,0.59,two,words,h
0.59,1.25,brownish,words,h
1.25,1.61,dogs,words,h
1.61,1.67,are,words,h
1.67,2.37,fighting,words,h
0.34,0.46,tʰ,phones,h
0.46,0.59,ʉ,phones,h
0.59,0.72,b,phones,h
0.72,0.77,ɹ,phones,h
0.77,0.92,aw,phones,h
0.92,0.98,ɲ,phones,h
0.98,1.13,ɪ,phones,h
1.13,1.25,ʃ,phones,h
1.25,1.3,d,phones,h
1.3,1.45,ɒ,phones,h
1.45,1.53,ɡ,phones,h
1.53,1.61,z,phones,h
1.61,1.64,ɑ,phones,h
1.64,1.67,ɹ,phones,h
1.67,1.82,f,phones,h
1.82,1.97,aj,phones,h
1.97,2.11,t,phones,h
2.11,2.21,ɪ,phones,h
2.21,2.37,ŋ,phones,h
