Begin,End,Label,Type,Speaker
0.24,0.48,a,words,h
0.48,0.94,child,words,h
0.94,1.32,plays,words,h
1.32,1.41,in,words,h
1.41,1.48,the,words,h
1.48,4.02,mud,words,h
0.24,0.48,ej,phones,h
0.48,0.65,tʃ,phones,h
0.65,0.82,aj,phones,h
0.82,0.88,ɫ,phones,h
0.88,0.94,d,phones,h
0.94,1.04,p,phones,h
1.04,1.08,l,phones,h
1.08,1.21,ej,phones,h
1.21,1.32,z,phones,h
1.32,1.35,ɪ,phones,h
1.35,1.41,n,phones,h
1.41,1.45,ð,phones,h
1.45,1.48,ə,phones,h
1.48,1.57,m,phones,h
1.57,1.74,ɐ,phones,h
1.74,4.02,d,phones,h
