Begin,End,Label,Type,Speaker
0.34,0.41,a,words,h
0.41,0.95,child,words,h
0.95,1.37,plays,words,h
1.37,1.49,in,words,h
1.49,1.57,the,words,h
1.57,4.14,mud,words,h
0.34,0.41,ə,phones,h
0.41,0.59,tʃ,phones,h
0.59,0.78,aj,phones,h
0.78,0.87,ɫ,phones,h
0.87,0.95,d,phones,h
0.95,1.06,p,phones,h
1.06,1.09,l,phones,h
1.09,1.26,ej,phones,h
1.26,1.37,z,phones,h
1.37,1.42,ɪ,phones,h
1.42,1.49,n,phones,h
1.49,1.53,ð,phones,h
1.53,1.57,ə,phones,h
1.57,1.66,m,phones,h
1.66,1.84,ɐ,phones,h
1.84,4.14,d,phones,h
