Begin,End,Label,Type,Speaker
0.32,0.54,a,words,h
0.54,1.15,child,words,h
1.15,1.56,plays,words,h
1.56,1.65,in,words,h
1.65,1.72,the,words,h
1.72,2.09,mud,words,h
0.32,0.54,ə,phones,h
0.54,0.68,tʃ,phones,h
0.68,0.97,aj,phones,h
0.97,1.09,ɫ,phones,h
1.09,1.15,d,phones,h
1.15,1.28,p,phones,h
1.28,1.31,l,phones,h
1.31,1.45,ej,phones,h
1.45,1.56,z,phones,h
1.56,1.61,ɪ,phones,h
1.61,1.65,n,phones,h
1.65,1.69,ð,phones,h
1.69,1.72,ə,phones,h
1.72,1.8,m,phones,h
1.8,1.97,ɐ,phones,h
1.97,2.09,d,phones,h
