Begin,End,Label,Type,Speaker
0.36,0.49,a,words,h
0.49,0.89,child,words,h
0.89,1.34,plays,words,h
1.34,1.69,in,words,h
1.69,2.08,the,words,h
2.08,4.8,mud,words,h
0.36,0.49,ə,phones,h
0.49,0.59,tʃ,phones,h
0.59,0.73,aj,phones,h
0.73,0.83,ɫ,phones,h
0.83,0.89,d,phones,h
0.89,0.98,p,phones,h
0.98,1.04,l,phones,h
1.04,1.26,ej,phones,h
1.26,1.34,z,phones,h
1.34,1.43,ʔ,phones,h
1.43,1.55,ɪ,phones,h
1.55,1.69,n,phones,h
1.69,1.81,ð,phones,h
1.81,2.08,i,phones,h
2.08,2.21,m,phones,h
2.21,2.47,ɐ,phones,h
2.47,4.8,d,phones,h
