Begin,End,Label,Type,Speaker
0.44,0.5,a,words,h
0.5,1.01,child,words,h
1.01,1.6,plays,words,h
1.6,1.72,in,words,h
1.72,1.8,the,words,h
1.8,4.32,mud,words,h
0.44,0.5,ə,phones,h
0.5,0.66,tʃ,phones,h
0.66,0.8,aj,phones,h
0.8,0.94,ɫ,phones,h
0.94,1.01,d,phones,h
1.01,1.14,p,phones,h
1.14,1.18,l,phones,h
1.18,1.44,ej,phones,h
1.44,1.6,z,phones,h
1.6,1.65,ɪ,phones,h
1.65,1.72,n,phones,h
1.72,1.76,ð,phones,h
1.76,1.8,ə,phones,h
1.8,1.89,m,phones,h
1.89,2.05,ɐ,phones,h
2.05,4.32,d,phones,h
