Begin,End,Label,Type,Speaker
0.4,0.66,a,words,h
0.66,1.4,creek,words,h
1.43,1.96,winds,words,h
1.96,2.09,through,words,h
2.09,2.21,the,words,h
2.21,2.79,woods,words,h
0.4,0.66,ej,phones,h
0.66,0.93,c,phones,h
0.93,1.02,ɹ,phones,h
1.02,1.29,iː,phones,h
1.29,1.4,k,phones,h
1.43,1.61,w,phones,h
1.61,1.78,aj,phones,h
1.78,1.81,n,phones,h
1.81,1.86,d,phones,h
1.86,1.96,z,phones,h
1.96,2.01,θ,phones,h
2.01,2.05,ɹ,phones,h
2.05,2.09,ʉː,phones,h
2.09,2.14,ð,phones,h
2.14,2.21,ə,phones,h
2.21,2.28,w,phones,h
2.28,2.5,ʊ,phones,h
2.5,2.58,d,phones,h
2.58,2.79,z,phones,h
