Begin,End,Label,Type,Speaker
0.32,0.57,a,words,h
0.57,1.07,child,words,h
1.07,1.52,swims,words,h
1.52,1.69,with,words,h
1.69,1.75,a,words,h
1.75,4.38,woman,words,h
0.32,0.57,ej,phones,h
0.57,0.76,tʃ,phones,h
0.76,0.95,aj,phones,h
0.95,1.03,ɫ,phones,h
1.03,1.07,d,phones,h
1.07,1.2,s,phones,h
1.2,1.24,w,phones,h
1.24,1.33,ɪ,phones,h
1.33,1.41,m,phones,h
1.41,1.52,z,phones,h
1.52,1.57,w,phones,h
1.57,1.62,ɪ,phones,h
1.62,1.69,θ,phones,h
1.69,1.75,ə,phones,h
1.75,1.81,w,phones,h
1.81,1.87,ʊ,phones,h
1.87,1.97,m,phones,h
1.97,2.04,ə,phones,h
2.04,4.38,n,phones,h
