Begin,End,Label,Type,Speaker
0.4,0.53,two,words,h
0.53,0.9,young,words,h
0.9,1.3,girls,words,h
1.3,1.74,fly,words,h
1.9,2.27,a,words,h
2.27,2.99,kite,words,h
0.4,0.49,tʰ,phones,h
0.49,0.53,ʉ,phones,h
0.53,0.7,j,phones,h
0.7,0.83,ɐ,phones,h
0.83,0.9,ŋ,phones,h
0.9,0.94,ɡ,phones,h
0.94,1.05,ɝ,phones,h
1.05,1.19,ɫ,phones,h
1.19,1.3,z,phones,h
1.3,1.4,f,phones,h
1.4,1.46,l,phones,h
1.46,1.74,aj,phones,h
1.9,2.27,æ,phones,h
2.27,2.52,kʰ,phones,h
2.52,2.74,aj,phones,h
2.74,2.99,t,phones,h
