Begin,End,Label,Type,Speaker
0.33,0.48,two,words,h
0.48,1.02,young,words,h
1.02,1.39,girls,words,h
1.39,1.7,fly,words,h
1.7,1.75,a,words,h
1.75,2.26,kite,words,h
0.33,0.43,tʰ,phones,h
0.43,0.48,ʉ,phones,h
0.48,0.68,j,phones,h
0.68,0.88,ɐ,phones,h
0.88,1.02,ŋ,phones,h
1.02,1.07,ɡ,phones,h
1.07,1.19,ɝ,phones,h
1.19,1.3,ɫ,phones,h
1.3,1.39,z,phones,h
1.39,1.5,f,phones,h
1.5,1.55,l,phones,h
1.55,1.7,aj,phones,h
1.7,1.75,ə,phones,h
1.75,1.87,kʰ,phones,h
1.87,2.03,aj,phones,h
2.03,2.26,t,phones,h
