Begin,End,Label,Type,Speaker
0.44,0.59,a,words,h
0.59,1.05,little,words,h
1.05,1.62,white,words,h
1.62,1.88,dog,words,h
1.88,2.44,begs,words,h
0.44,0.59,ej,phones,h
0.59,0.71,ʎ,phones,h
0.71,0.78,i,phones,h
0.78,0.92,t,phones,h
0.92,0.98,ʊ,phones,h
0.98,1.05,ɫ,phones,h
1.05,1.21,w,phones,h
1.21,1.44,aj,phones,h
1.44,1.62,t,phones,h
1.62,1.67,d,phones,h
1.67,1.79,ɒ,phones,h
1.79,1.88,ɡ,phones,h
1.88,1.92,b,phones,h
1.92,2.12,ɛ,phones,h
2.12,2.25,ɡ,phones,h
2.25,2.44,z,phones,h
