Begin,End,Label,Type,Speaker
0.54,0.88,man,words,h
0.88,1.34,brushes,words,h
1.34,1.95,image,words,h
1.95,2.16,in,words,h
2.16,2.25,the,words,h
2.25,2.81,sand,words,h
0.54,0.68,m,phones,h
0.68,0.79,a,phones,h
0.79,0.88,n,phones,h
0.88,0.93,b,phones,h
0.93,0.99,ɹ,phones,h
0.99,1.04,ɐ,phones,h
1.04,1.15,ʃ,phones,h
1.15,1.26,ɪ,phones,h
1.26,1.34,z,phones,h
1.34,1.59,ɪ,phones,h
1.59,1.68,m,phones,h
1.68,1.82,ɪ,phones,h
1.82,1.95,dʒ,phones,h
1.95,2.08,ɪ,phones,h
2.08,2.16,n,phones,h
2.16,2.2,ð,phones,h
2.2,2.25,ə,phones,h
2.25,2.37,s,phones,h
2.37,2.59,æ,phones,h
2.59,2.69,n,phones,h
2.69,2.81,d,phones,h
