Begin,End,Label,Type,Speaker
0.45,0.71,dog,words,h
0.71,1.03,jumps,words,h
1.03,1.24,to,words,h
1.24,1.7,catch,words,h
1.7,1.77,a,words,h
1.77,2.46,snowball,words,h
0.45,0.5,d,phones,h
0.5,0.62,ɒ,phones,h
0.62,0.71,ɡ,phones,h
0.71,0.78,dʒ,phones,h
0.78,0.88,ɐ,phones,h
0.88,0.94,m,phones,h
0.94,0.97,p,phones,h
0.97,1.03,s,phones,h
1.03,1.12,t,phones,h
1.12,1.24,ə,phones,h
1.24,1.32,cʰ,phones,h
1.32,1.58,æ,phones,h
1.58,1.7,tʃ,phones,h
1.7,1.77,ə,phones,h
1.77,1.91,s,phones,h
1.91,1.95,n,phones,h
1.95,2.08,ow,phones,h
2.08,2.16,b,phones,h
2.16,2.26,ɒ,phones,h
2.26,2.46,ɫ,phones,h
