Begin,End,Label,Type,Speaker
0.42,0.7,dog,words,h
0.7,1.03,jumps,words,h
1.03,1.17,to,words,h
1.17,1.48,catch,words,h
1.48,1.55,a,words,h
1.55,2.21,snowball,words,h
0.42,0.48,d,phones,h
0.48,0.62,ɒ,phones,h
0.62,0.7,ɡ,phones,h
0.7,0.77,dʒ,phones,h
0.77,0.89,ɐ,phones,h
0.89,0.95,m,phones,h
0.95,0.99,p,phones,h
0.99,1.03,s,phones,h
1.03,1.13,t,phones,h
1.13,1.17,ə,phones,h
1.17,1.28,cʰ,phones,h
1.28,1.37,æ,phones,h
1.37,1.48,tʃ,phones,h
1.48,1.55,ə,phones,h
1.55,1.68,s,phones,h
1.68,1.71,n,phones,h
1.71,1.86,ow,phones,h
1.86,1.94,b,phones,h
1.94,2.02,ɒ,phones,h
2.02,2.21,ɫ,phones,h
