Begin,End,Label,Type,Speaker
0.54,0.62,a,words,h
0.62,1.03,dog,words,h
1.03,1.31,runs,words,h
1.31,1.48,through,words,h
1.48,1.87,tall,words,h
1.87,2.79,grass,words,h
0.54,0.62,ə,phones,h
0.62,0.76,d,phones,h
0.76,0.91,ɒ,phones,h
0.91,1.03,ɡ,phones,h
1.03,1.09,ɹ,phones,h
1.09,1.19,ɐ,phones,h
1.19,1.25,n,phones,h
1.25,1.31,z,phones,h
1.31,1.42,θ,phones,h
1.42,1.45,ɹ,phones,h
1.45,1.48,ʉː,phones,h
1.48,1.66,tʰ,phones,h
1.66,1.75,ɒ,phones,h
1.75,1.87,ɫ,phones,h
1.87,2.1,ɡ,phones,h
2.1,2.2,ɹ,phones,h
2.2,2.46,ɑː,phones,h
2.46,2.79,s,phones,h
