Begin,End,Label,Type,Speaker
0.3,0.41,a,words,h
0.41,0.97,dog,words,h
0.97,1.24,runs,words,h
1.24,1.5,through,words,h
1.68,1.97,tall,words,h
1.97,2.62,grass,words,h
0.3,0.41,ə,phones,h
0.41,0.58,d,phones,h
0.58,0.83,ɒ,phones,h
0.83,0.97,ɡ,phones,h
0.97,1.02,ɹ,phones,h
1.02,1.12,ɐ,phones,h
1.12,1.19,n,phones,h
1.19,1.24,z,phones,h
1.24,1.38,θ,phones,h
1.38,1.43,ɹ,phones,h
1.43,1.5,ʉː,phones,h
1.68,1.78,tʰ,phones,h
1.78,1.84,ɒ,phones,h
1.84,1.97,ɫ,phones,h
1.97,2.06,ɟ,phones,h
2.06,2.11,ɹ,phones,h
2.11,2.3,æ,phones,h
2.3,2.62,s,phones,h
