Begin,End,Label,Type,Speaker
0.56,0.72,a,words,h
0.72,1.08,dog,words,h
1.08,1.42,runs,words,h
1.42,1.68,through,words,h
1.68,2.33,tall,words,h
2.36,3.03,grass,words,h
0.56,0.72,ə,phones,h
0.72,0.78,d,phones,h
0.78,0.93,ɒ,phones,h
0.93,1.08,ɡ,phones,h
1.08,1.17,ɹ,phones,h
1.17,1.27,ɐ,phones,h
1.27,1.35,n,phones,h
1.35,1.42,z,phones,h
1.42,1.57,θ,phones,h
1.57,1.63,ɹ,phones,h
1.63,1.68,ʉː,phones,h
1.68,1.94,tʰ,phones,h
1.94,2.0,ɒ,phones,h
2.0,2.33,ɫ,phones,h
2.36,2.43,ɟ,phones,h
2.43,2.51,ɹ,phones,h
2.51,2.71,æ,phones,h
2.71,3.03,s,phones,h
