Begin,End,Label,Type,Speaker
0.29,0.36,a,words,h
0.36,0.92,toyota,words,h
0.92,1.14,car,words,h
1.14,1.61,drives,words,h
1.64,2.06,into,words,h
2.06,4.8,water,words,h
0.29,0.36,ə,phones,h
0.36,0.51,tʰ,phones,h
0.51,0.67,ɔj,phones,h
0.67,0.76,əw,phones,h
0.76,0.87,t,phones,h
0.87,0.92,ə,phones,h
0.92,1.04,kʰ,phones,h
1.04,1.14,ɑː,phones,h
1.14,1.26,d,phones,h
1.26,1.32,ɹ,phones,h
1.32,1.47,aj,phones,h
1.47,1.53,v,phones,h
1.53,1.61,z,phones,h
1.64,1.79,ɪ,phones,h
1.79,1.9,n,phones,h
1.9,2.02,tʰ,phones,h
2.02,2.06,ʉː,phones,h
2.06,2.17,w,phones,h
2.17,2.27,ɒː,phones,h
2.27,2.4,t,phones,h
2.4,4.8,ə,phones,h
