Begin,End,Label,Type,Speaker
0.21,0.48,a,words,h
0.48,0.85,dog,words,h
0.85,1.24,jumps,words,h
1.24,1.55,over,words,h
1.55,1.61,a,words,h
1.61,2.19,creek,words,h
0.21,0.48,ej,phones,h
0.48,0.59,d,phones,h
0.59,0.75,ɒ,phones,h
0.75,0.85,ɡ,phones,h
0.85,0.91,dʒ,phones,h
0.91,1.05,ɐ,phones,h
1.05,1.11,m,phones,h
1.11,1.14,p,phones,h
1.14,1.24,s,phones,h
1.24,1.33,ow,phones,h
1.33,1.44,v,phones,h
1.44,1.55,ɚ,phones,h
1.55,1.61,ə,phones,h
1.61,1.77,c,phones,h
1.77,1.84,ɹ,phones,h
1.84,2.03,iː,phones,h
2.03,2.19,k,phones,h
