Begin,End,Label,Type,Speaker
0.41,0.49,a,words,h
0.49,1.09,dog,words,h
1.09,1.45,jumps,words,h
1.45,1.72,over,words,h
1.72,1.77,a,words,h
1.77,2.38,creek,words,h
0.41,0.49,ə,phones,h
0.49,0.71,d,phones,h
0.71,0.98,ɒ,phones,h
0.98,1.09,ɡ,phones,h
1.09,1.16,dʒ,phones,h
1.16,1.22,ɐ,phones,h
1.22,1.3,m,phones,h
1.3,1.34,p,phones,h
1.34,1.45,s,phones,h
1.45,1.55,ow,phones,h
1.55,1.65,v,phones,h
1.65,1.72,ɚ,phones,h
1.72,1.77,ə,phones,h
1.77,1.94,c,phones,h
1.94,2.0,ɹ,phones,h
2.0,2.17,iː,phones,h
2.17,2.38,k,phones,h
