Begin,End,Label,Type,Speaker
0.65,0.73,a,words,h
0.73,1.08,man,words,h
1.08,1.46,jumps,words,h
1.46,1.89,off,words,h
2.02,2.37,a,words,h
2.37,2.97,hill,words,h
0.65,0.73,ə,phones,h
0.73,0.81,m,phones,h
0.81,0.98,æ,phones,h
0.98,1.08,n,phones,h
1.08,1.14,dʒ,phones,h
1.14,1.27,ɐ,phones,h
1.27,1.33,m,phones,h
1.33,1.37,p,phones,h
1.37,1.46,s,phones,h
1.46,1.71,ɒ,phones,h
1.71,1.89,f,phones,h
2.02,2.37,ej,phones,h
2.37,2.56,ç,phones,h
2.56,2.73,ɪ,phones,h
2.73,2.97,ɫ,phones,h
