Begin,End,Label,Type,Speaker
0.42,0.5,a,words,h
0.5,0.86,dog,words,h
0.86,1.37,sniffs,words,h
1.37,1.47,a,words,h
1.47,1.83,tree,words,h
1.83,2.32,stump,words,h
0.42,0.5,ə,phones,h
0.5,0.59,d,phones,h
0.59,0.77,ɒ,phones,h
0.77,0.86,ɡ,phones,h
0.86,1.0,s,phones,h
1.0,1.05,ɲ,phones,h
1.05,1.2,ɪ,phones,h
1.2,1.28,f,phones,h
1.28,1.37,s,phones,h
1.37,1.47,ə,phones,h
1.47,1.6,t,phones,h
1.6,1.66,ɹ,phones,h
1.66,1.83,iː,phones,h
1.83,1.98,s,phones,h
1.98,2.05,t,phones,h
2.05,2.17,ɐ,phones,h
2.17,2.26,m,phones,h
2.26,2.32,p,phones,h
