Begin,End,Label,Type,Speaker
0.27,0.5,two,words,h
0.5,1.13,lizards,words,h
1.13,1.5,fight,words,h
1.5,1.64,in,words,h
1.64,1.75,the,words,h
1.75,2.27,water,words,h
0.27,0.38,tʰ,phones,h
0.38,0.5,ʉ,phones,h
0.5,0.63,ʎ,phones,h
0.63,0.71,ɪ,phones,h
0.71,0.84,z,phones,h
0.84,0.95,ɚ,phones,h
0.95,1.01,d,phones,h
1.01,1.13,z,phones,h
1.13,1.23,f,phones,h
1.23,1.44,aj,phones,h
1.44,1.5,t,phones,h
1.5,1.58,ɪ,phones,h
1.58,1.64,n,phones,h
1.64,1.68,ð,phones,h
1.68,1.75,ə,phones,h
1.75,1.86,w,phones,h
1.86,1.99,ɒː,phones,h
1.99,2.13,t,phones,h
2.13,2.27,ə,phones,h
