Begin,End,Label,Type,Speaker
0.26,0.67,two,words,h
0.67,1.26,lizards,words,h
1.26,1.62,fight,words,h
1.62,1.72,in,words,h
1.72,1.81,the,words,h
1.81,2.31,water,words,h
0.26,0.4,tʰ,phones,h
0.4,0.67,ʉ,phones,h
0.67,0.78,ʎ,phones,h
0.78,0.87,i,phones,h
0.87,1.0,z,phones,h
1.0,1.11,a,phones,h
1.11,1.2,d,phones,h
1.2,1.26,z,phones,h
1.26,1.35,f,phones,h
1.35,1.53,aj,phones,h
1.53,1.62,t,phones,h
1.62,1.67,ɪ,phones,h
1.67,1.72,n,phones,h
1.72,1.76,ð,phones,h
1.76,1.81,ə,phones,h
1.81,1.89,w,phones,h
1.89,2.0,ɒː,phones,h
2.0,2.15,t,phones,h
2.15,2.31,ə,phones,h
