Begin,End,Label,Type,Speaker
0.24,0.51,a,words,h
0.51,0.89,collie,words,h
0.89,1.26,runs,words,h
1.26,1.47,down,words,h
1.47,1.55,a,words,h
1.55,2.06,slide,words,h
0.24,0.51,ej,phones,h
0.51,0.67,kʰ,phones,h
0.67,0.73,ɒ,phones,h
0.73,0.81,ʎ,phones,h
0.81,0.89,i,phones,h
0.89,0.98,ɹ,phones,h
0.98,1.07,ɐ,phones,h
1.07,1.19,n,phones,h
1.19,1.26,z,phones,h
1.26,1.32,d,phones,h
1.32,1.4,aw,phones,h
1.4,1.47,n,phones,h
1.47,1.55,ə,phones,h
1.55,1.66,s,phones,h
1.66,1.72,l,phones,h
1.72,1.86,aj,phones,h
1.86,2.06,d,phones,h
