Begin,End,Label,Type,Speaker
0.05,0.13,a,words,h
0.13,0.55,collie,words,h
0.55,0.99,runs,words,h
0.99,1.24,down,words,h
1.24,1.29,a,words,h
1.29,1.8,slide,words,h
0.05,0.13,ə,phones,h
0.13,0.29,kʰ,phones,h
0.29,0.37,ɒ,phones,h
0.37,0.43,ʎ,phones,h
0.43,0.55,i,phones,h
0.55,0.66,ɹ,phones,h
0.66,0.77,ɐ,phones,h
0.77,0.88,n,phones,h
0.88,0.99,z,phones,h
0.99,1.04,d,phones,h
1.04,1.17,aw,phones,h
1.17,1.24,n,phones,h
1.24,1.29,ə,phones,h
1.29,1.43,s,phones,h
1.43,1.49,l,phones,h
1.49,1.68,aj,phones,h
1.68,1.8,d,phones,h
