Begin,End,Label,Type,Speaker
0.55,0.62,a,words,h
0.62,0.99,collie,words,h
0.99,1.36,runs,words,h
1.36,1.71,down,words,h
1.77,2.13,a,words,h
2.13,2.73,slide,words,h
0.55,0.62,ə,phones,h
0.62,0.77,kʰ,phones,h
0.77,0.84,ɒ,phones,h
0.84,0.94,ʎ,phones,h
0.94,0.99,i,phones,h
0.99,1.09,ɹ,phones,h
1.09,1.18,ɐ,phones,h
1.18,1.25,n,phones,h
1.25,1.36,z,phones,h
1.36,1.41,d,phones,h
1.41,1.58,aw,phones,h
1.58,1.71,n,phones,h
1.77,2.13,ej,phones,h
2.13,2.31,s,phones,h
2.31,2.39,l,phones,h
2.39,2.62,aj,phones,h
2.62,2.73,d,phones,h
