Begin,End,Label,Type,Speaker
0.09,0.32,two,words,h
0.32,0.88,dogs,words,h
0.88,1.05,run,words,h
1.05,1.23,for,words,h
1.23,1.3,a,words,h
1.3,1.81,stick,words,h
0.09,0.2,tʰ,phones,h
0.2,0.32,ʉ,phones,h
0.32,0.46,d,phones,h
0.46,0.7,ɒ,phones,h
0.7,0.78,ɡ,phones,h
0.78,0.88,z,phones,h
0.88,0.92,ɹ,phones,h
0.92,0.99,ɐ,phones,h
0.99,1.05,n,phones,h
1.05,1.16,f,phones,h
1.16,1.23,ɚ,phones,h
1.23,1.3,ə,phones,h
1.3,1.43,s,phones,h
1.43,1.49,t,phones,h
1.49,1.65,ɪ,phones,h
1.65,1.81,k,phones,h
