Begin,End,Label,Type,Speaker
0.42,0.59,two,words,h
0.59,0.96,dogs,words,h
0.96,1.2,run,words,h
1.2,1.63,for,words,h
1.63,1.73,a,words,h
1.73,2.13,stick,words,h
0.42,0.5,tʰ,phones,h
0.5,0.59,ʉ,phones,h
0.59,0.66,d,phones,h
0.66,0.79,ɒ,phones,h
0.79,0.86,ɡ,phones,h
0.86,0.96,z,phones,h
0.96,1.01,ɹ,phones,h
1.01,1.11,ɐ,phones,h
1.11,1.2,n,phones,h
1.2,1.36,f,phones,h
1.36,1.63,ɒː,phones,h
1.63,1.73,ə,phones,h
1.73,1.86,s,phones,h
1.86,1.91,t,phones,h
1.91,2.06,ɪ,phones,h
2.06,2.13,k,phones,h
