Begin,End,Label,Type,Speaker
0.39,0.64,a,words,h
0.64,0.93,dog,words,h
0.93,1.45,splashes,words,h
1.45,1.64,through,words,h
1.64,1.76,the,words,h
1.76,2.21,water,words,h
0.39,0.64,ej,phones,h
0.64,0.73,d,phones,h
0.73,0.88,ɒ,phones,h
0.88,0.93,ɡ,phones,h
0.93,1.0,s,phones,h
1.0,1.08,p,phones,h
1.08,1.13,l,phones,h
1.13,1.19,æ,phones,h
1.19,1.31,ʃ,phones,h
1.31,1.39,ɪ,phones,h
1.39,1.45,z,phones,h
1.45,1.57,θ,phones,h
1.57,1.6,ɹ,phones,h
1.6,1.64,ʉː,phones,h
1.64,1.69,ð,phones,h
1.69,1.76,ə,phones,h
1.76,1.83,w,phones,h
1.83,1.93,ɒː,phones,h
1.93,2.06,t,phones,h
2.06,2.21,ə,phones,h
