Begin,End,Label,Type,Speaker
0.31,0.4,a,words,h
0.4,0.71,dog,words,h
0.71,1.54,splashes,words,h
1.54,1.64,through,words,h
1.64,1.75,the,words,h
1.75,2.23,water,words,h
0.31,0.4,ə,phones,h
0.4,0.5,d,phones,h
0.5,0.64,ɒ,phones,h
0.64,0.71,ɡ,phones,h
0.71,0.8,s,phones,h
0.8,0.91,p,phones,h
0.91,0.98,l,phones,h
0.98,1.07,æ,phones,h
1.07,1.22,ʃ,phones,h
1.22,1.38,ɪ,phones,h
1.38,1.54,z,phones,h
1.54,1.58,θ,phones,h
1.58,1.61,ɹ,phones,h
1.61,1.64,ʉː,phones,h
1.64,1.69,ð,phones,h
1.69,1.75,ə,phones,h
1.75,1.82,w,phones,h
1.82,1.94,ɒː,phones,h
1.94,2.07,t,phones,h
2.07,2.23,ə,phones,h
