Begin,End,Label,Type,Speaker
0.45,0.53,a,words,h
0.53,0.81,dog,words,h
0.81,1.4,splashes,words,h
1.4,1.85,through,words,h
1.85,1.98,the,words,h
1.98,2.45,water,words,h
0.45,0.53,ə,phones,h
0.53,0.62,d,phones,h
0.62,0.74,ɒ,phones,h
0.74,0.81,ɡ,phones,h
0.81,0.87,s,phones,h
0.87,0.96,p,phones,h
0.96,1.0,l,phones,h
1.0,1.06,æ,phones,h
1.06,1.21,ʃ,phones,h
1.21,1.3,ɪ,phones,h
1.3,1.4,z,phones,h
1.4,1.59,θ,phones,h
1.59,1.71,ɹ,phones,h
1.71,1.85,ʉː,phones,h
1.85,1.91,ð,phones,h
1.91,1.98,ə,phones,h
1.98,2.08,w,phones,h
2.08,2.18,ɒː,phones,h
2.18,2.31,t,phones,h
2.31,2.45,ə,phones,h
