Begin,End,Label,Type,Speaker
0.51,0.72,two,words,h
0.72,1.14,women,words,h
1.14,1.46,walk,words,h
1.46,1.74,down,words,h
1.8,2.19,a,words,h
2.19,2.89,street,words,h
0.51,0.64,tʰ,phones,h
0.64,0.72,ʉ,phones,h
0.72,0.87,w,phones,h
0.87,0.93,ɪ,phones,h
0.93,1.0,m,phones,h
1.0,1.08,ɪ,phones,h
1.08,1.14,n,phones,h
1.14,1.25,w,phones,h
1.25,1.34,ɒ,phones,h
1.34,1.46,k,phones,h
1.46,1.51,d,phones,h
1.51,1.66,aw,phones,h
1.66,1.74,n,phones,h
1.8,2.19,ej,phones,h
2.19,2.34,s,phones,h
2.34,2.46,t,phones,h
2.46,2.51,ɹ,phones,h
2.51,2.68,iː,phones,h
2.68,2.89,t,phones,h
