Begin,End,Label,Type,Speaker
0.67,0.89,two,words,h
0.89,1.34,women,words,h
1.34,1.6,walk,words,h
1.6,1.84,down,words,h
1.84,1.96,a,words,h
1.96,2.75,street,words,h
0.67,0.79,tʰ,phones,h
0.79,0.89,ʉ,phones,h
0.89,1.04,w,phones,h
1.04,1.1,ɪ,phones,h
1.1,1.18,m,phones,h
1.18,1.25,ɛ,phones,h
1.25,1.34,n,phones,h
1.34,1.42,w,phones,h
1.42,1.51,ɒ,phones,h
1.51,1.6,k,phones,h
1.6,1.65,d,phones,h
1.65,1.77,aw,phones,h
1.77,1.84,n,phones,h
1.84,1.96,ej,phones,h
1.96,2.1,s,phones,h
2.1,2.25,t,phones,h
2.25,2.31,ɹ,phones,h
2.31,2.54,iː,phones,h
2.54,2.75,t,phones,h
