Begin,End,Label,Type,Speaker
0.24,0.32,a,words,h
0.32,0.98,blonde,words,h
0.98,1.39,lady,words,h
1.39,1.57,with,words,h
1.57,2.29,sunglasses,words,h
2.29,3.0,smiles,words,h
0.24,0.32,ə,phones,h
0.32,0.45,b,phones,h
0.45,0.55,l,phones,h
0.55,0.73,ɒ,phones,h
0.73,0.82,n,phones,h
0.82,0.98,d,phones,h
0.98,1.07,l,phones,h
1.07,1.22,ej,phones,h
1.22,1.28,dʲ,phones,h
1.28,1.39,i,phones,h
1.39,1.47,w,phones,h
1.47,1.51,ɪ,phones,h
1.51,1.57,θ,phones,h
1.57,1.7,s,phones,h
1.7,1.77,ɐ,phones,h
1.77,1.85,ɲ,phones,h
1.85,1.89,ɟ,phones,h
1.89,1.96,ʎ,phones,h
1.96,2.03,æ,phones,h
2.03,2.16,s,phones,h
2.16,2.23,ɪ,phones,h
2.23,2.29,z,phones,h
2.29,2.4,s,phones,h
2.4,2.48,m,phones,h
2.48,2.66,aj,phones,h
2.66,2.77,ɫ,phones,h
2.77,3.0,z,phones,h
