Begin,End,Label,Type,Speaker
0.27,0.34,a,words,h
0.34,0.82,blonde,words,h
0.82,1.22,lady,words,h
1.22,1.41,with,words,h
1.41,2.14,sunglasses,words,h
2.14,2.89,smiles,words,h
0.27,0.34,ə,phones,h
0.34,0.46,b,phones,h
0.46,0.53,l,phones,h
0.53,0.65,ɒ,phones,h
0.65,0.71,n,phones,h
0.71,0.82,d,phones,h
0.82,0.91,l,phones,h
0.91,1.05,ej,phones,h
1.05,1.11,dʲ,phones,h
1.11,1.22,i,phones,h
1.22,1.31,w,phones,h
1.31,1.37,ɪ,phones,h
1.37,1.41,θ,phones,h
1.41,1.52,s,phones,h
1.52,1.59,ɐ,phones,h
1.59,1.68,ɲ,phones,h
1.68,1.72,ɟ,phones,h
1.72,1.78,ʎ,phones,h
1.78,1.85,æ,phones,h
1.85,1.99,s,phones,h
1.99,2.08,ɪ,phones,h
2.08,2.14,z,phones,h
2.14,2.27,s,phones,h
2.27,2.34,m,phones,h
2.34,2.52,aj,phones,h
2.52,2.67,ɫ,phones,h
2.67,2.89,z,phones,h
