Begin,End,Label,Type,Speaker
0.18,0.47,a,words,h
0.47,0.83,blonde,words,h
0.83,1.18,lady,words,h
1.18,1.36,with,words,h
1.36,2.05,sunglasses,words,h
2.05,2.69,smiles,words,h
0.18,0.47,ej,phones,h
0.47,0.57,b,phones,h
0.57,0.66,l,phones,h
0.66,0.73,ɒ,phones,h
0.73,0.79,n,phones,h
0.79,0.83,d,phones,h
0.83,0.92,l,phones,h
0.92,1.06,ej,phones,h
1.06,1.09,dʲ,phones,h
1.09,1.18,i,phones,h
1.18,1.27,w,phones,h
1.27,1.32,ɪ,phones,h
1.32,1.36,θ,phones,h
1.36,1.48,s,phones,h
1.48,1.56,ɐ,phones,h
1.56,1.63,ŋ,phones,h
1.63,1.67,ɡ,phones,h
1.67,1.73,l,phones,h
1.73,1.8,ɑː,phones,h
1.8,1.91,s,phones,h
1.91,2.0,ɪ,phones,h
2.0,2.05,z,phones,h
2.05,2.11,s,phones,h
2.11,2.19,m,phones,h
2.19,2.37,aj,phones,h
2.37,2.49,ɫ,phones,h
2.49,2.69,z,phones,h
