Begin,End,Label,Type,Speaker
0.21,0.42,two,words,h
0.42,1.37,snowboarders,words,h
1.37,1.66,throw,words,h
1.66,1.93,up,words,h
1.93,2.06,their,words,h
2.06,2.68,hands,words,h
0.21,0.31,tʰ,phones,h
0.31,0.42,ʉ,phones,h
0.42,0.57,s,phones,h
0.57,0.72,n,phones,h
0.72,0.88,əw,phones,h
0.88,0.98,b,phones,h
0.98,1.12,ɒː,phones,h
1.12,1.16,d,phones,h
1.16,1.29,ə,phones,h
1.29,1.37,z,phones,h
1.37,1.49,θ,phones,h
1.49,1.63,ɹ,phones,h
1.63,1.66,ow,phones,h
1.66,1.82,ɐ,phones,h
1.82,1.93,p,phones,h
1.93,1.99,ð,phones,h
1.99,2.06,ɛː,phones,h
2.06,2.16,h,phones,h
2.16,2.3,æ,phones,h
2.3,2.4,n,phones,h
2.4,2.45,d,phones,h
2.45,2.68,z,phones,h
