Begin,End,Label,Type,Speaker
0.43,0.65,two,words,h
0.65,1.48,snowboarders,words,h
1.48,2.04,throw,words,h
2.04,2.37,up,words,h
2.37,2.52,their,words,h
2.52,3.1,hands,words,h
0.43,0.56,tʰ,phones,h
0.56,0.65,ʉ,phones,h
0.65,0.74,s,phones,h
0.74,0.86,n,phones,h
0.86,0.92,əw,phones,h
0.92,1.02,b,phones,h
1.02,1.13,ɒː,phones,h
1.13,1.17,d,phones,h
1.17,1.27,ə,phones,h
1.27,1.48,z,phones,h
1.48,1.63,θ,phones,h
1.63,1.78,ɹ,phones,h
1.78,2.04,ow,phones,h
2.04,2.25,ɐ,phones,h
2.25,2.37,p,phones,h
2.37,2.42,ð,phones,h
2.42,2.49,ɛ,phones,h
2.49,2.52,ɹ,phones,h
2.52,2.61,h,phones,h
2.61,2.74,æ,phones,h
2.74,2.78,n,phones,h
2.78,2.89,d,phones,h
2.89,3.1,z,phones,h
