Begin,End,Label,Type,Speaker
0.41,0.68,two,words,h
0.68,1.46,snowboarders,words,h
1.46,1.77,throw,words,h
1.77,2.11,up,words,h
2.31,2.52,their,words,h
2.52,3.14,hands,words,h
0.41,0.53,tʰ,phones,h
0.53,0.68,ʉ,phones,h
0.68,0.8,s,phones,h
0.8,0.9,n,phones,h
0.9,0.97,əw,phones,h
0.97,1.07,b,phones,h
1.07,1.18,ɒː,phones,h
1.18,1.22,d,phones,h
1.22,1.32,ə,phones,h
1.32,1.46,z,phones,h
1.46,1.58,θ,phones,h
1.58,1.66,ɹ,phones,h
1.66,1.77,ow,phones,h
1.77,2.06,ɐ,phones,h
2.06,2.11,p,phones,h
2.31,2.42,ð,phones,h
2.42,2.48,ɛ,phones,h
2.48,2.52,ɹ,phones,h
2.52,2.63,h,phones,h
2.63,2.78,æ,phones,h
2.78,2.89,n,phones,h
2.89,2.94,d,phones,h
2.94,3.14,z,phones,h
