Begin,End,Label,Type,Speaker
0.46,0.57,the,words,h
0.57,0.97,man,words,h
0.97,1.68,holds,words,h
1.68,1.78,a,words,h
1.78,2.13,light,words,h
2.13,2.66,sabre,words,h
0.46,0.53,ð,phones,h
0.53,0.57,ə,phones,h
0.57,0.67,m,phones,h
0.67,0.87,æ,phones,h
0.87,0.97,n,phones,h
0.97,1.16,h,phones,h
1.16,1.26,ow,phones,h
1.26,1.5,ɫ,phones,h
1.5,1.56,d,phones,h
1.56,1.68,z,phones,h
1.68,1.78,ə,phones,h
1.78,1.88,l,phones,h
1.88,2.05,aj,phones,h
2.05,2.13,t,phones,h
2.13,2.24,s,phones,h
2.24,2.39,ej,phones,h
2.39,2.47,b,phones,h
2.47,2.66,ə,phones,h
