Begin,End,Label,Type,Speaker
0.33,0.43,the,words,h
0.43,0.77,man,words,h
0.77,1.25,holds,words,h
1.28,1.58,a,words,h
1.58,2.11,light,words,h
2.11,2.67,sabre,words,h
0.33,0.38,ð,phones,h
0.38,0.43,ə,phones,h
0.43,0.52,m,phones,h
0.52,0.69,æ,phones,h
0.69,0.77,n,phones,h
0.77,0.85,h,phones,h
0.85,0.96,ow,phones,h
0.96,1.11,ɫ,phones,h
1.11,1.15,d,phones,h
1.15,1.25,z,phones,h
1.28,1.58,ej,phones,h
1.58,1.71,l,phones,h
1.71,2.02,aj,phones,h
2.02,2.11,t,phones,h
2.11,2.26,s,phones,h
2.26,2.4,ej,phones,h
2.4,2.47,b,phones,h
2.47,2.67,ə,phones,h
