Begin,End,Label,Type,Speaker
0.32,0.96,bikers,words,h
0.96,1.43,race,words,h
1.43,1.69,through,words,h
1.69,1.73,a,words,h
1.73,2.43,forest,words,h
0.32,0.4,b,phones,h
0.4,0.55,aj,phones,h
0.55,0.65,k,phones,h
0.65,0.78,ɚ,phones,h
0.78,0.96,z,phones,h
0.96,1.02,ɹ,phones,h
1.02,1.24,ej,phones,h
1.24,1.43,s,phones,h
1.43,1.57,θ,phones,h
1.57,1.66,ɹ,phones,h
1.66,1.69,ʉː,phones,h
1.69,1.73,ə,phones,h
1.73,1.87,f,phones,h
1.87,1.94,ɒ,phones,h
1.94,2.11,ɹ,phones,h
2.11,2.16,ɪ,phones,h
2.16,2.31,s,phones,h
2.31,2.43,t,phones,h
