Begin,End,Label,Type,Speaker
0.3,0.58,a,words,h
0.58,0.96,man,words,h
0.96,1.39,climbs,words,h
1.39,1.43,a,words,h
1.43,1.84,large,words,h
1.84,2.26,rock,words,h
0.3,0.58,ej,phones,h
0.58,0.68,m,phones,h
0.68,0.86,æ,phones,h
0.86,0.96,n,phones,h
0.96,1.05,k,phones,h
1.05,1.1,l,phones,h
1.1,1.24,aj,phones,h
1.24,1.31,m,phones,h
1.31,1.39,z,phones,h
1.39,1.43,ə,phones,h
1.43,1.51,l,phones,h
1.51,1.67,ɑː,phones,h
1.67,1.84,dʒ,phones,h
1.84,1.95,ɹ,phones,h
1.95,2.08,ɒ,phones,h
2.08,2.26,k,phones,h
