Begin,End,Label,Type,Speaker
0.42,0.47,a,words,h
0.47,0.84,man,words,h
0.84,1.27,climbs,words,h
1.27,1.32,a,words,h
1.32,1.7,large,words,h
1.7,2.14,rock,words,h
0.42,0.47,ə,phones,h
0.47,0.58,m,phones,h
0.58,0.74,æ,phones,h
0.74,0.84,n,phones,h
0.84,0.94,k,phones,h
0.94,0.99,l,phones,h
0.99,1.13,aj,phones,h
1.13,1.19,m,phones,h
1.19,1.27,z,phones,h
1.27,1.32,ə,phones,h
1.32,1.42,l,phones,h
1.42,1.56,ɑː,phones,h
1.56,1.7,dʒ,phones,h
1.7,1.8,ɹ,phones,h
1.8,1.92,ɒ,phones,h
1.92,2.14,k,phones,h
