Begin,End,Label,Type,Speaker
0.49,0.57,a,words,h
0.57,0.93,man,words,h
0.93,1.38,climbs,words,h
1.38,1.49,a,words,h
1.49,2.15,large,words,h
2.15,2.62,rock,words,h
0.49,0.57,ə,phones,h
0.57,0.68,m,phones,h
0.68,0.83,æ,phones,h
0.83,0.93,n,phones,h
0.93,1.02,k,phones,h
1.02,1.06,l,phones,h
1.06,1.21,aj,phones,h
1.21,1.28,m,phones,h
1.28,1.38,z,phones,h
1.38,1.49,ə,phones,h
1.49,1.66,l,phones,h
1.66,1.89,ɑ,phones,h
1.89,1.93,ɹ,phones,h
1.93,2.15,dʒ,phones,h
2.15,2.19,ɹ,phones,h
2.19,2.35,ɒ,phones,h
2.35,2.62,k,phones,h
