Begin,End,Label,Type,Speaker
0.55,0.64,a,words,h
0.64,0.98,man,words,h
0.98,1.47,climbs,words,h
1.56,2.0,a,words,h
2.0,2.4,large,words,h
2.4,2.81,rock,words,h
0.55,0.64,ə,phones,h
0.64,0.74,m,phones,h
0.74,0.88,æ,phones,h
0.88,0.98,n,phones,h
0.98,1.07,k,phones,h
1.07,1.1,l,phones,h
1.1,1.3,aj,phones,h
1.3,1.37,m,phones,h
1.37,1.47,z,phones,h
1.56,2.0,æ,phones,h
2.0,2.08,l,phones,h
2.08,2.23,ɑː,phones,h
2.23,2.4,dʒ,phones,h
2.4,2.46,ɹ,phones,h
2.46,2.61,ɒ,phones,h
2.61,2.81,k,phones,h
