Begin,End,Label,Type,Speaker
0.46,0.83,people,words,h
0.83,0.92,are,words,h
0.92,1.4,lying,words,h
1.4,1.64,on,words,h
1.64,2.24,lounge,words,h
2.24,2.97,chairs,words,h
0.46,0.54,pʰ,phones,h
0.54,0.62,iː,phones,h
0.62,0.72,p,phones,h
0.72,0.83,ɫ̩,phones,h
0.83,0.92,ɑː,phones,h
0.92,1.03,l,phones,h
1.03,1.13,aj,phones,h
1.13,1.29,ɪ,phones,h
1.29,1.4,ŋ,phones,h
1.4,1.48,ɒ,phones,h
1.48,1.64,n,phones,h
1.64,1.75,l,phones,h
1.75,1.97,aw,phones,h
1.97,2.06,n,phones,h
2.06,2.24,dʒ,phones,h
2.24,2.38,tʃ,phones,h
2.38,2.73,ɛː,phones,h
2.73,2.97,z,phones,h
