Begin,End,Label,Type,Speaker
0.67,1.07,people,words,h
1.07,1.15,are,words,h
1.15,1.58,lying,words,h
1.58,1.75,on,words,h
1.75,2.14,lounge,words,h
2.24,2.99,chairs,words,h
0.67,0.76,pʰ,phones,h
0.76,0.85,iː,phones,h
0.85,0.94,p,phones,h
0.94,1.07,ɫ̩,phones,h
1.07,1.15,ə,phones,h
1.15,1.26,l,phones,h
1.26,1.37,aj,phones,h
1.37,1.49,ɪ,phones,h
1.49,1.58,ŋ,phones,h
1.58,1.65,ɒ,phones,h
1.65,1.75,n,phones,h
1.75,1.81,l,phones,h
1.81,1.96,aw,phones,h
1.96,2.01,n,phones,h
2.01,2.14,dʒ,phones,h
2.24,2.43,tʃ,phones,h
2.43,2.93,ɛː,phones,h
2.93,2.99,z,phones,h
