Begin,End,Label,Type,Speaker
0.45,0.54,a,words,h
0.54,0.92,man,words,h
0.92,1.35,climbs,words,h
1.35,1.47,up,words,h
1.47,1.52,a,words,h
1.52,2.18,mountain,words,h
0.45,0.54,ə,phones,h
0.54,0.65,m,phones,h
0.65,0.83,æ,phones,h
0.83,0.92,n,phones,h
0.92,0.99,k,phones,h
0.99,1.05,l,phones,h
1.05,1.18,aj,phones,h
1.18,1.25,m,phones,h
1.25,1.35,z,phones,h
1.35,1.4,ɐ,phones,h
1.4,1.47,p,phones,h
1.47,1.52,ə,phones,h
1.52,1.59,m,phones,h
1.59,1.73,aw,phones,h
1.73,1.8,n,phones,h
1.8,1.91,t,phones,h
1.91,1.97,ɪ,phones,h
1.97,2.18,n,phones,h
