Begin,End,Label,Type,Speaker
0.21,0.5,a,words,h
0.5,0.85,man,words,h
0.85,1.32,climbs,words,h
1.32,1.47,up,words,h
1.47,1.51,a,words,h
1.51,2.23,mountain,words,h
0.21,0.5,ej,phones,h
0.5,0.61,m,phones,h
0.61,0.73,æ,phones,h
0.73,0.85,n,phones,h
0.85,0.94,k,phones,h
0.94,0.99,l,phones,h
0.99,1.14,aj,phones,h
1.14,1.23,m,phones,h
1.23,1.32,z,phones,h
1.32,1.39,ɐ,phones,h
1.39,1.47,p,phones,h
1.47,1.51,ə,phones,h
1.51,1.59,m,phones,h
1.59,1.74,aw,phones,h
1.74,1.8,n,phones,h
1.8,1.91,t,phones,h
1.91,2.0,ə,phones,h
2.0,2.23,n,phones,h
