Begin,End,Label,Type,Speaker
0.41,0.56,two,words,h
0.56,1.05,boxers,words,h
1.05,1.29,are,words,h
1.29,1.61,in,words,h
1.61,1.94,the,words,h
1.94,2.34,ring,words,h
0.41,0.52,tʰ,phones,h
0.52,0.56,ʉ,phones,h
0.56,0.64,b,phones,h
0.64,0.73,ɒ,phones,h
0.73,0.81,k,phones,h
0.81,0.87,s,phones,h
0.87,0.93,ə,phones,h
0.93,1.05,z,phones,h
1.05,1.24,ɑ,phones,h
1.24,1.29,ɹ,phones,h
1.29,1.36,ʔ,phones,h
1.36,1.46,ɪ,phones,h
1.46,1.61,n,phones,h
1.61,1.68,ð,phones,h
1.68,1.94,i,phones,h
1.94,2.05,ɹ,phones,h
2.05,2.17,ɪ,phones,h
2.17,2.34,ŋ,phones,h
