Begin,End,Label,Type,Speaker
0.13,0.37,two,words,h
0.37,0.96,boxers,words,h
0.96,1.25,are,words,h
1.25,1.35,in,words,h
1.35,1.43,the,words,h
1.43,1.81,ring,words,h
0.13,0.23,tʰ,phones,h
0.23,0.37,ʉ,phones,h
0.37,0.49,b,phones,h
0.49,0.58,ɒ,phones,h
0.58,0.66,k,phones,h
0.66,0.77,s,phones,h
0.77,0.89,ə,phones,h
0.89,0.96,z,phones,h
0.96,1.18,ɑ,phones,h
1.18,1.25,ɹ,phones,h
1.25,1.28,ɪ,phones,h
1.28,1.35,n,phones,h
1.35,1.38,ð,phones,h
1.38,1.43,ə,phones,h
1.43,1.51,ɹ,phones,h
1.51,1.63,ɪ,phones,h
1.63,1.81,ŋ,phones,h
