Begin,End,Label,Type,Speaker
0.22,0.48,two,words,h
0.48,1.17,bikers,words,h
1.17,1.47,bike,words,h
1.47,1.71,along,words,h
1.71,1.82,the,words,h
1.82,2.43,street,words,h
0.22,0.33,tʰ,phones,h
0.33,0.48,ʉ,phones,h
0.48,0.59,b,phones,h
0.59,0.77,aj,phones,h
0.77,0.9,k,phones,h
0.9,1.04,ə,phones,h
1.04,1.17,z,phones,h
1.17,1.22,b,phones,h
1.22,1.37,aj,phones,h
1.37,1.47,k,phones,h
1.47,1.51,ə,phones,h
1.51,1.59,l,phones,h
1.59,1.65,ɒ,phones,h
1.65,1.71,ŋ,phones,h
1.71,1.76,ð,phones,h
1.76,1.82,ə,phones,h
1.82,1.9,s,phones,h
1.9,2.02,t,phones,h
2.02,2.08,ɹ,phones,h
2.08,2.24,iː,phones,h
2.24,2.43,t,phones,h
