Begin,End,Label,Type,Speaker
0.24,0.49,two,words,h
0.49,1.09,bikers,words,h
1.09,1.39,bike,words,h
1.39,1.66,along,words,h
1.66,1.76,the,words,h
1.76,2.36,street,words,h
0.24,0.37,tʰ,phones,h
0.37,0.49,ʉ,phones,h
0.49,0.58,b,phones,h
0.58,0.72,aj,phones,h
0.72,0.83,k,phones,h
0.83,0.95,ə,phones,h
0.95,1.09,z,phones,h
1.09,1.14,b,phones,h
1.14,1.29,aj,phones,h
1.29,1.39,k,phones,h
1.39,1.44,ə,phones,h
1.44,1.52,l,phones,h
1.52,1.58,ɒ,phones,h
1.58,1.66,ŋ,phones,h
1.66,1.7,ð,phones,h
1.7,1.76,ə,phones,h
1.76,1.84,s,phones,h
1.84,1.95,t,phones,h
1.95,2.02,ɹ,phones,h
2.02,2.2,iː,phones,h
2.2,2.36,t,phones,h
