Begin,End,Label,Type,Speaker
0.38,0.86,one,words,h
0.86,1.15,little,words,h
1.15,1.38,boy,words,h
1.38,1.89,dribbles,words,h
1.89,2.1,his,words,h
2.1,2.78,basketball,words,h
0.38,0.55,w,phones,h
0.55,0.7,ɐ,phones,h
0.7,0.86,n,phones,h
0.86,0.9,ʎ,phones,h
0.9,0.96,ɪ,phones,h
0.96,1.09,t,phones,h
1.09,1.15,ɫ̩,phones,h
1.15,1.26,b,phones,h
1.26,1.38,ɔj,phones,h
1.38,1.89,spn,phones,h
1.89,1.92,ç,phones,h
1.92,1.96,ɪ,phones,h
1.96,2.1,z,phones,h
2.1,2.14,b,phones,h
2.14,2.2,æ,phones,h
2.2,2.32,s,phones,h
2.32,2.39,c,phones,h
2.39,2.42,ɪ,phones,h
2.42,2.49,t,phones,h
2.49,2.54,b,phones,h
2.54,2.61,ɒː,phones,h
2.61,2.78,ɫ,phones,h
