Begin,End,Label,Type,Speaker
0.7,0.95,one,words,h
0.95,1.2,little,words,h
1.2,1.44,boy,words,h
1.44,1.91,dribbles,words,h
1.91,2.3,his,words,h
2.3,3.07,basketball,words,h
0.7,0.78,w,phones,h
0.78,0.87,ɐ,phones,h
0.87,0.95,n,phones,h
0.95,0.99,ʎ,phones,h
0.99,1.04,ɪ,phones,h
1.04,1.16,t,phones,h
1.16,1.2,ɫ̩,phones,h
1.2,1.29,b,phones,h
1.29,1.44,ɔj,phones,h
1.44,1.91,spn,phones,h
1.91,1.98,ç,phones,h
1.98,2.1,ɪ,phones,h
2.1,2.3,z,phones,h
2.3,2.35,b,phones,h
2.35,2.43,æ,phones,h
2.43,2.55,s,phones,h
2.55,2.62,c,phones,h
2.62,2.67,ɪ,phones,h
2.67,2.75,t,phones,h
2.75,2.8,b,phones,h
2.8,2.83,ɒː,phones,h
2.83,3.07,ɫ,phones,h
