Begin,End,Label,Type,Speaker
0.52,0.59,the,words,h
0.59,1.24,fishemen,words,h
1.24,1.83,enjoy,words,h
1.83,1.99,the,words,h
1.99,2.32,warm,words,h
2.32,2.69,day,words,h
0.52,0.56,ð,phones,h
0.56,0.59,ə,phones,h
0.59,1.24,spn,phones,h
1.24,1.27,ɪ,phones,h
1.27,1.42,n,phones,h
1.42,1.51,dʒ,phones,h
1.51,1.83,ɔj,phones,h
1.83,1.9,ð,phones,h
1.9,1.99,ə,phones,h
1.99,2.1,w,phones,h
2.1,2.2,ɒ,phones,h
2.2,2.23,ɹ,phones,h
2.23,2.32,m,phones,h
2.32,2.39,d,phones,h
2.39,2.69,ej,phones,h
