Begin,End,Label,Type,Speaker
0.31,0.58,the,words,h
0.58,1.21,fishemen,words,h
1.21,1.71,enjoy,words,h
1.71,1.84,the,words,h
1.84,2.15,warm,words,h
2.15,2.52,day,words,h
0.31,0.41,ð,phones,h
0.41,0.58,iː,phones,h
0.58,1.21,spn,phones,h
1.21,1.24,ɪ,phones,h
1.24,1.45,n,phones,h
1.45,1.54,dʒ,phones,h
1.54,1.71,ɔj,phones,h
1.71,1.77,ð,phones,h
1.77,1.84,ə,phones,h
1.84,1.94,w,phones,h
1.94,2.04,ɒ,phones,h
2.04,2.08,ɹ,phones,h
2.08,2.15,m,phones,h
2.15,2.22,d,phones,h
2.22,2.52,ej,phones,h
