Begin,End,Label,Type,Speaker
0.28,0.55,young,words,h
0.55,0.98,boys,words,h
0.98,1.21,play,words,h
1.21,1.53,touch,words,h
1.53,2.06,football,words,h
0.28,0.37,j,phones,h
0.37,0.48,ɐ,phones,h
0.48,0.55,ŋ,phones,h
0.55,0.63,b,phones,h
0.63,0.84,ɔj,phones,h
0.84,0.98,z,phones,h
0.98,1.03,p,phones,h
1.03,1.09,l,phones,h
1.09,1.21,ej,phones,h
1.21,1.31,tʰ,phones,h
1.31,1.41,ɐ,phones,h
1.41,1.53,tʃ,phones,h
1.53,1.62,f,phones,h
1.62,1.7,ʊ,phones,h
1.7,1.78,t,phones,h
1.78,1.82,b,phones,h
1.82,1.89,ɒː,phones,h
1.89,2.06,ɫ,phones,h
