Begin,End,Label,Type,Speaker
0.39,0.68,a,words,h
0.68,1.12,woman,words,h
1.12,1.68,stands,words,h
1.68,1.91,near,words,h
1.91,1.95,a,words,h
1.95,2.62,fountain,words,h
0.39,0.68,ej,phones,h
0.68,0.82,w,phones,h
0.82,0.88,ʊ,phones,h
0.88,0.96,m,phones,h
0.96,1.03,ə,phones,h
1.03,1.12,n,phones,h
1.12,1.2,s,phones,h
1.2,1.28,t,phones,h
1.28,1.43,æ,phones,h
1.43,1.53,n,phones,h
1.53,1.58,d,phones,h
1.58,1.68,z,phones,h
1.68,1.74,ɲ,phones,h
1.74,1.84,ɪ,phones,h
1.84,1.91,ɹ,phones,h
1.91,1.95,ə,phones,h
1.95,2.07,f,phones,h
2.07,2.19,aw,phones,h
2.19,2.27,n,phones,h
2.27,2.38,t,phones,h
2.38,2.44,ə,phones,h
2.44,2.62,n,phones,h
