Begin,End,Label,Type,Speaker
0.53,0.62,a,words,h
0.62,0.98,man,words,h
0.98,1.69,descends,words,h
1.69,1.76,a,words,h
1.76,2.14,snowy,words,h
2.14,2.76,mountain,words,h
0.53,0.62,ə,phones,h
0.62,0.72,m,phones,h
0.72,0.88,æ,phones,h
0.88,0.98,n,phones,h
0.98,1.03,d,phones,h
1.03,1.08,ɪ,phones,h
1.08,1.26,s,phones,h
1.26,1.44,ɛ,phones,h
1.44,1.58,n,phones,h
1.58,1.63,d,phones,h
1.63,1.69,z,phones,h
1.69,1.76,ə,phones,h
1.76,1.87,s,phones,h
1.87,1.94,n,phones,h
1.94,2.08,ow,phones,h
2.08,2.14,i,phones,h
2.14,2.21,m,phones,h
2.21,2.32,aw,phones,h
2.32,2.4,n,phones,h
2.4,2.5,t,phones,h
2.5,2.57,ɪ,phones,h
2.57,2.76,n,phones,h
