Begin,End,Label,Type,Speaker
0.64,0.73,a,words,h
0.73,1.08,man,words,h
1.08,1.68,descends,words,h
1.68,1.91,a,words,h
1.91,2.55,snowy,words,h
2.55,3.22,mountain,words,h
0.64,0.73,ə,phones,h
0.73,0.83,m,phones,h
0.83,1.0,æ,phones,h
1.0,1.08,n,phones,h
1.08,1.13,d,phones,h
1.13,1.17,ɪ,phones,h
1.17,1.32,s,phones,h
1.32,1.46,ɛ,phones,h
1.46,1.53,n,phones,h
1.53,1.58,d,phones,h
1.58,1.68,z,phones,h
1.68,1.91,ej,phones,h
1.91,2.09,s,phones,h
2.09,2.18,n,phones,h
2.18,2.43,ow,phones,h
2.43,2.55,i,phones,h
2.55,2.64,m,phones,h
2.64,2.79,aw,phones,h
2.79,2.86,n,phones,h
2.86,2.96,t,phones,h
2.96,3.03,ɪ,phones,h
3.03,3.22,n,phones,h
