Begin,End,Label,Type,Speaker
0.25,0.38,a,words,h
0.38,0.93,man,words,h
0.93,1.5,descends,words,h
1.5,1.56,a,words,h
1.56,1.89,snowy,words,h
1.89,2.52,mountain,words,h
0.25,0.38,ə,phones,h
0.38,0.56,m,phones,h
0.56,0.83,æ,phones,h
0.83,0.93,n,phones,h
0.93,0.98,d,phones,h
0.98,1.05,ɪ,phones,h
1.05,1.2,s,phones,h
1.2,1.33,ɛ,phones,h
1.33,1.39,n,phones,h
1.39,1.44,d,phones,h
1.44,1.5,z,phones,h
1.5,1.56,ə,phones,h
1.56,1.67,s,phones,h
1.67,1.72,n,phones,h
1.72,1.82,ow,phones,h
1.82,1.89,i,phones,h
1.89,1.97,m,phones,h
1.97,2.07,aw,phones,h
2.07,2.14,n,phones,h
2.14,2.23,t,phones,h
2.23,2.32,ə,phones,h
2.32,2.52,n,phones,h
