Begin,End,Label,Type,Speaker
0.49,0.58,a,words,h
0.58,0.95,man,words,h
0.95,1.54,descends,words,h
1.54,1.58,a,words,h
1.58,2.04,snowy,words,h
2.04,2.78,mountain,words,h
0.49,0.58,ə,phones,h
0.58,0.69,m,phones,h
0.69,0.87,æ,phones,h
0.87,0.95,n,phones,h
0.95,1.0,d,phones,h
1.0,1.04,ɪ,phones,h
1.04,1.2,s,phones,h
1.2,1.35,ɛ,phones,h
1.35,1.42,n,phones,h
1.42,1.47,d,phones,h
1.47,1.54,z,phones,h
1.54,1.58,ə,phones,h
1.58,1.68,s,phones,h
1.68,1.76,n,phones,h
1.76,1.92,ow,phones,h
1.92,2.04,i,phones,h
2.04,2.2,m,phones,h
2.2,2.32,aw,phones,h
2.32,2.41,n,phones,h
2.41,2.5,t,phones,h
2.5,2.58,ə,phones,h
2.58,2.78,n,phones,h
