Begin,End,Label,Type,Speaker
0.44,0.5,a,words,h
0.5,0.84,man,words,h
0.84,1.45,descends,words,h
1.45,1.5,a,words,h
1.5,1.89,snowy,words,h
1.89,2.44,mountain,words,h
0.44,0.5,ə,phones,h
0.5,0.59,m,phones,h
0.59,0.74,æ,phones,h
0.74,0.84,n,phones,h
0.84,0.89,d,phones,h
0.89,0.95,ɪ,phones,h
0.95,1.11,s,phones,h
1.11,1.24,ɛ,phones,h
1.24,1.32,n,phones,h
1.32,1.37,d,phones,h
1.37,1.45,z,phones,h
1.45,1.5,ə,phones,h
1.5,1.64,s,phones,h
1.64,1.7,n,phones,h
1.7,1.84,ow,phones,h
1.84,1.89,i,phones,h
1.89,1.97,m,phones,h
1.97,2.07,aw,phones,h
2.07,2.14,n,phones,h
2.14,2.23,t,phones,h
2.23,2.29,ɪ,phones,h
2.29,2.44,n,phones,h
