Begin,End,Label,Type,Speaker
0.67,0.75,a,words,h
0.75,1.12,man,words,h
1.12,1.83,parachutes,words,h
1.83,2.28,into,words,h
2.28,2.68,the,words,h
2.68,3.38,desert,words,h
0.67,0.75,ə,phones,h
0.75,0.86,m,phones,h
0.86,1.06,æ,phones,h
1.06,1.12,n,phones,h
1.12,1.23,pʰ,phones,h
1.23,1.28,æ,phones,h
1.28,1.35,ɹ,phones,h
1.35,1.39,ə,phones,h
1.39,1.55,ʃ,phones,h
1.55,1.72,ʉː,phones,h
1.72,1.78,t,phones,h
1.78,1.83,s,phones,h
1.83,1.97,ɪ,phones,h
1.97,2.04,n,phones,h
2.04,2.15,tʰ,phones,h
2.15,2.28,ʉ,phones,h
2.28,2.37,z,phones,h
2.37,2.68,i,phones,h
2.68,2.79,d,phones,h
2.79,2.91,ɛ,phones,h
2.91,3.05,z,phones,h
3.05,3.21,ə,phones,h
3.21,3.38,t,phones,h
