Begin,End,Label,Type,Speaker
0.2,0.29,a,words,h
0.29,0.69,man,words,h
0.69,1.59,parachutes,words,h
1.59,1.81,into,words,h
1.81,1.94,the,words,h
1.94,2.58,desert,words,h
0.2,0.29,ə,phones,h
0.29,0.4,m,phones,h
0.4,0.62,æ,phones,h
0.62,0.69,n,phones,h
0.69,0.82,pʰ,phones,h
0.82,0.86,ɛ,phones,h
0.86,0.91,ɹ,phones,h
0.91,0.95,ə,phones,h
0.95,1.15,ʃ,phones,h
1.15,1.38,ʉː,phones,h
1.38,1.46,t,phones,h
1.46,1.59,s,phones,h
1.59,1.63,ɪ,phones,h
1.63,1.69,n,phones,h
1.69,1.76,tʰ,phones,h
1.76,1.81,ʉ,phones,h
1.81,1.87,ð,phones,h
1.87,1.94,ə,phones,h
1.94,2.0,d,phones,h
2.0,2.11,ɛ,phones,h
2.11,2.25,z,phones,h
2.25,2.42,ə,phones,h
2.42,2.58,t,phones,h
