Begin,End,Label,Type,Speaker
0.47,0.67,three,words,h
0.67,1.02,dogs,words,h
1.02,1.24,run,words,h
1.24,1.68,across,words,h
1.68,2.01,the,words,h
2.01,2.59,track,words,h
0.47,0.54,θ,phones,h
0.54,0.6,ɹ,phones,h
0.6,0.67,iː,phones,h
0.67,0.76,d,phones,h
0.76,0.87,ɒ,phones,h
0.87,0.94,ɡ,phones,h
0.94,1.02,z,phones,h
1.02,1.07,ɹ,phones,h
1.07,1.17,ɐ,phones,h
1.17,1.24,n,phones,h
1.24,1.28,ə,phones,h
1.28,1.42,k,phones,h
1.42,1.46,ɹ,phones,h
1.46,1.58,ɒ,phones,h
1.58,1.68,s,phones,h
1.68,1.78,ð,phones,h
1.78,2.01,i,phones,h
2.01,2.16,t,phones,h
2.16,2.19,ɹ,phones,h
2.19,2.37,æ,phones,h
2.37,2.59,k,phones,h
