Begin,End,Label,Type,Speaker
0.64,0.96,three,words,h
0.96,1.38,dogs,words,h
1.38,1.56,run,words,h
1.56,1.92,across,words,h
1.92,1.99,the,words,h
1.99,2.55,track,words,h
0.64,0.82,θ,phones,h
0.82,0.88,ɹ,phones,h
0.88,0.96,iː,phones,h
0.96,1.04,d,phones,h
1.04,1.2,ɒ,phones,h
1.2,1.28,ɡ,phones,h
1.28,1.38,z,phones,h
1.38,1.43,ɹ,phones,h
1.43,1.52,ɐ,phones,h
1.52,1.56,n,phones,h
1.56,1.63,ə,phones,h
1.63,1.75,k,phones,h
1.75,1.78,ɹ,phones,h
1.78,1.84,ɒ,phones,h
1.84,1.92,s,phones,h
1.92,1.96,ð,phones,h
1.96,1.99,ə,phones,h
1.99,2.14,t,phones,h
2.14,2.18,ɹ,phones,h
2.18,2.33,æ,phones,h
2.33,2.55,k,phones,h
