Begin,End,Label,Type,Speaker
0.23,0.8,racing,words,h
0.8,1.46,greyhounds,words,h
1.46,1.74,leave,words,h
1.74,1.84,the,words,h
1.84,2.33,starting,words,h
2.33,2.77,gate,words,h
0.23,0.36,ɹ,phones,h
0.36,0.5,ej,phones,h
0.5,0.62,s,phones,h
0.62,0.7,ɪ,phones,h
0.7,0.8,ŋ,phones,h
0.8,0.85,ɟ,phones,h
0.85,0.93,ɹ,phones,h
0.93,1.03,ej,phones,h
1.03,1.15,h,phones,h
1.15,1.24,aw,phones,h
1.24,1.29,n,phones,h
1.29,1.34,d,phones,h
1.34,1.46,z,phones,h
1.46,1.55,ʎ,phones,h
1.55,1.66,i,phones,h
1.66,1.74,v,phones,h
1.74,1.78,ð,phones,h
1.78,1.84,ə,phones,h
1.84,1.95,s,phones,h
1.95,2.01,t,phones,h
2.01,2.13,ɑː,phones,h
2.13,2.25,t,phones,h
2.25,2.28,ɪ,phones,h
2.28,2.33,ŋ,phones,h
2.33,2.38,ɟ,phones,h
2.38,2.55,ej,phones,h
2.55,2.77,t,phones,h
