Begin,End,Label,Type,Speaker
0.29,0.8,racing,words,h
0.8,1.45,greyhounds,words,h
1.45,1.77,leave,words,h
1.77,2.0,the,words,h
2.0,2.77,starting,words,h
2.77,3.33,gate,words,h
0.29,0.43,ɹ,phones,h
0.43,0.55,ej,phones,h
0.55,0.67,s,phones,h
0.67,0.72,ɪ,phones,h
0.72,0.8,ŋ,phones,h
0.8,0.85,ɟ,phones,h
0.85,0.93,ɹ,phones,h
0.93,1.02,ej,phones,h
1.02,1.16,h,phones,h
1.16,1.25,aw,phones,h
1.25,1.28,n,phones,h
1.28,1.33,d,phones,h
1.33,1.45,z,phones,h
1.45,1.54,ʎ,phones,h
1.54,1.68,i,phones,h
1.68,1.77,v,phones,h
1.77,1.82,ð,phones,h
1.82,2.0,i,phones,h
2.0,2.18,s,phones,h
2.18,2.25,t,phones,h
2.25,2.43,ɑː,phones,h
2.43,2.55,t,phones,h
2.55,2.65,ɪ,phones,h
2.65,2.77,ŋ,phones,h
2.77,2.83,ɟ,phones,h
2.83,3.04,ej,phones,h
3.04,3.33,t,phones,h
