Begin,End,Label,Type,Speaker
0.27,0.35,a,words,h
0.35,0.76,hiker,words,h
0.76,1.2,makes,words,h
1.2,1.42,his,words,h
1.42,1.62,way,words,h
1.62,2.21,downhill,words,h
0.27,0.35,ə,phones,h
0.35,0.46,h,phones,h
0.46,0.6,aj,phones,h
0.6,0.7,k,phones,h
0.7,0.76,ə,phones,h
0.76,0.88,m,phones,h
0.88,1.04,ej,phones,h
1.04,1.11,k,phones,h
1.11,1.2,s,phones,h
1.2,1.26,ç,phones,h
1.26,1.31,ɪ,phones,h
1.31,1.42,z,phones,h
1.42,1.5,w,phones,h
1.5,1.62,ej,phones,h
1.62,1.69,d,phones,h
1.69,1.82,aw,phones,h
1.82,1.86,ɲ,phones,h
1.86,1.94,ç,phones,h
1.94,2.05,ɪ,phones,h
2.05,2.21,ɫ,phones,h
