Begin,End,Label,Type,Speaker
0.49,0.55,a,words,h
0.55,0.96,hiker,words,h
0.96,1.33,makes,words,h
1.33,1.5,his,words,h
1.5,1.72,way,words,h
1.72,2.53,downhill,words,h
0.49,0.55,ə,phones,h
0.55,0.67,h,phones,h
0.67,0.8,aj,phones,h
0.8,0.91,k,phones,h
0.91,0.96,ə,phones,h
0.96,1.08,m,phones,h
1.08,1.23,ej,phones,h
1.23,1.3,k,phones,h
1.3,1.33,s,phones,h
1.33,1.37,ç,phones,h
1.37,1.4,ɪ,phones,h
1.4,1.5,z,phones,h
1.5,1.56,w,phones,h
1.56,1.72,ej,phones,h
1.72,1.85,d,phones,h
1.85,1.97,aw,phones,h
1.97,2.03,ɲ,phones,h
2.03,2.14,ç,phones,h
2.14,2.29,ɪ,phones,h
2.29,2.53,ɫ,phones,h
