Begin,End,Label,Type,Speaker
0.36,0.63,a,words,h
0.63,1.15,hiker,words,h
1.15,1.62,makes,words,h
1.62,1.84,his,words,h
1.84,2.1,way,words,h
2.1,2.66,downhill,words,h
0.36,0.63,ej,phones,h
0.63,0.74,h,phones,h
0.74,0.93,aj,phones,h
0.93,1.06,k,phones,h
1.06,1.15,ɚ,phones,h
1.15,1.28,m,phones,h
1.28,1.49,ej,phones,h
1.49,1.59,k,phones,h
1.59,1.62,s,phones,h
1.62,1.67,ç,phones,h
1.67,1.72,ɪ,phones,h
1.72,1.84,z,phones,h
1.84,1.94,w,phones,h
1.94,2.1,ej,phones,h
2.1,2.16,d,phones,h
2.16,2.27,aw,phones,h
2.27,2.32,ɲ,phones,h
2.32,2.4,ç,phones,h
2.4,2.51,ɪ,phones,h
2.51,2.66,ɫ,phones,h
