Begin,End,Label,Type,Speaker
0.31,0.37,a,words,h
0.37,0.78,hiker,words,h
0.78,1.14,makes,words,h
1.14,1.75,his,words,h
1.78,2.03,way,words,h
2.03,2.62,downhill,words,h
0.31,0.37,ə,phones,h
0.37,0.48,h,phones,h
0.48,0.63,aj,phones,h
0.63,0.74,k,phones,h
0.74,0.78,ə,phones,h
0.78,0.89,m,phones,h
0.89,1.03,ej,phones,h
1.03,1.1,k,phones,h
1.1,1.14,s,phones,h
1.14,1.33,ç,phones,h
1.33,1.49,i,phones,h
1.49,1.75,z,phones,h
1.78,1.88,w,phones,h
1.88,2.03,ej,phones,h
2.03,2.1,d,phones,h
2.1,2.2,aw,phones,h
2.2,2.25,ɲ,phones,h
2.25,2.33,ç,phones,h
2.33,2.45,ɪ,phones,h
2.45,2.62,ɫ,phones,h
