Begin,End,Label,Type,Speaker
0.03,0.11,a,words,h
0.11,0.82,dalmatian,words,h
0.82,1.16,runs,words,h
1.16,1.32,through,words,h
1.32,1.45,the,words,h
1.45,2.01,woods,words,h
0.03,0.11,ə,phones,h
0.11,0.17,d,phones,h
0.17,0.21,æ,phones,h
0.21,0.3,ɫ,phones,h
0.3,0.39,m,phones,h
0.39,0.51,ej,phones,h
0.51,0.64,ʃ,phones,h
0.64,0.7,ə,phones,h
0.7,0.82,n,phones,h
0.82,0.9,ɹ,phones,h
0.9,1.01,ɐ,phones,h
1.01,1.08,n,phones,h
1.08,1.16,z,phones,h
1.16,1.25,θ,phones,h
1.25,1.28,ɹ,phones,h
1.28,1.32,ʉː,phones,h
1.32,1.38,ð,phones,h
1.38,1.45,ə,phones,h
1.45,1.51,w,phones,h
1.51,1.72,ʊ,phones,h
1.72,1.82,d,phones,h
1.82,2.01,z,phones,h
