Begin,End,Label,Type,Speaker
0.23,0.42,two,words,h
0.42,0.84,dogs,words,h
0.84,1.15,race,words,h
1.15,1.38,through,words,h
1.38,1.42,a,words,h
1.42,1.99,field,words,h
0.23,0.33,tʰ,phones,h
0.33,0.42,ʉ,phones,h
0.42,0.49,d,phones,h
0.49,0.66,ɒ,phones,h
0.66,0.73,ɡ,phones,h
0.73,0.84,z,phones,h
0.84,0.92,ɹ,phones,h
0.92,1.06,ej,phones,h
1.06,1.15,s,phones,h
1.15,1.25,θ,phones,h
1.25,1.35,ɹ,phones,h
1.35,1.38,ʉː,phones,h
1.38,1.42,ə,phones,h
1.42,1.56,fʲ,phones,h
1.56,1.72,iː,phones,h
1.72,1.86,ɫ,phones,h
1.86,1.99,d,phones,h
