Begin,End,Label,Type,Speaker
0.25,0.43,two,words,h
0.43,0.82,dogs,words,h
0.82,1.32,race,words,h
1.32,1.61,through,words,h
1.61,1.65,a,words,h
1.65,2.23,field,words,h
0.25,0.34,tʰ,phones,h
0.34,0.43,ʉ,phones,h
0.43,0.5,d,phones,h
0.5,0.65,ɒ,phones,h
0.65,0.72,ɡ,phones,h
0.72,0.82,z,phones,h
0.82,0.96,ɹ,phones,h
0.96,1.22,ej,phones,h
1.22,1.32,s,phones,h
1.32,1.44,θ,phones,h
1.44,1.58,ɹ,phones,h
1.58,1.61,ʉː,phones,h
1.61,1.65,ə,phones,h
1.65,1.78,fʲ,phones,h
1.78,1.94,iː,phones,h
1.94,2.08,ɫ,phones,h
2.08,2.23,d,phones,h
