Begin,End,Label,Type,Speaker
0.5,0.67,two,words,h
0.67,1.08,dogs,words,h
1.08,1.5,race,words,h
1.5,1.97,through,words,h
1.97,2.05,a,words,h
2.05,2.64,field,words,h
0.5,0.59,tʰ,phones,h
0.59,0.67,ʉ,phones,h
0.67,0.73,d,phones,h
0.73,0.87,ɒ,phones,h
0.87,0.94,ɡ,phones,h
0.94,1.08,z,phones,h
1.08,1.14,ɹ,phones,h
1.14,1.33,ej,phones,h
1.33,1.5,s,phones,h
1.5,1.62,θ,phones,h
1.62,1.78,ɹ,phones,h
1.78,1.97,ʉː,phones,h
1.97,2.05,ə,phones,h
2.05,2.2,fʲ,phones,h
2.2,2.38,iː,phones,h
2.38,2.54,ɫ,phones,h
2.54,2.64,d,phones,h
