Begin,End,Label,Type,Speaker
0.32,0.43,a,words,h
0.43,0.81,woman,words,h
0.81,0.98,is,words,h
0.98,1.35,riding,words,h
1.35,1.8,her,words,h
1.89,2.54,bicycle,words,h
0.32,0.43,ə,phones,h
0.43,0.52,w,phones,h
0.52,0.58,ʊ,phones,h
0.58,0.67,m,phones,h
0.67,0.75,ə,phones,h
0.75,0.81,n,phones,h
0.81,0.86,ɪ,phones,h
0.86,0.98,z,phones,h
0.98,1.04,ɹ,phones,h
1.04,1.13,aj,phones,h
1.13,1.16,dʲ,phones,h
1.16,1.24,i,phones,h
1.24,1.3,ŋ,phones,h
1.3,1.35,ɡ,phones,h
1.35,1.51,h,phones,h
1.51,1.8,ɜː,phones,h
1.89,1.94,b,phones,h
1.94,2.07,aj,phones,h
2.07,2.18,s,phones,h
2.18,2.22,ɪ,phones,h
2.22,2.36,k,phones,h
2.36,2.54,ɫ̩,phones,h
