Begin,End,Label,Type,Speaker
0.25,0.55,a,words,h
0.55,0.97,woman,words,h
0.97,1.17,is,words,h
1.17,1.53,riding,words,h
1.53,1.58,her,words,h
1.58,2.24,bicycle,words,h
0.25,0.55,ej,phones,h
0.55,0.7,w,phones,h
0.7,0.76,ʊ,phones,h
0.76,0.86,m,phones,h
0.86,0.92,ə,phones,h
0.92,0.97,n,phones,h
0.97,1.05,ɪ,phones,h
1.05,1.17,z,phones,h
1.17,1.22,ɹ,phones,h
1.22,1.3,aj,phones,h
1.3,1.34,d,phones,h
1.34,1.4,ɪ,phones,h
1.4,1.53,ŋ,phones,h
1.53,1.58,ə,phones,h
1.58,1.67,b,phones,h
1.67,1.78,aj,phones,h
1.78,1.89,s,phones,h
1.89,1.93,ɪ,phones,h
1.93,2.05,k,phones,h
2.05,2.24,ɫ̩,phones,h
