Begin,End,Label,Type,Speaker
0.48,0.54,a,words,h
0.54,0.88,dog,words,h
0.88,1.24,lays,words,h
1.24,1.44,on,words,h
1.44,1.61,the,words,h
1.61,2.33,snow,words,h
0.48,0.54,ə,phones,h
0.54,0.64,d,phones,h
0.64,0.79,ɒ,phones,h
0.79,0.88,ɡ,phones,h
0.88,0.96,l,phones,h
0.96,1.13,ej,phones,h
1.13,1.24,z,phones,h
1.24,1.31,ʔ,phones,h
1.31,1.38,ɔ,phones,h
1.38,1.44,n,phones,h
1.44,1.51,ð,phones,h
1.51,1.61,i,phones,h
1.61,1.81,s,phones,h
1.81,1.91,n,phones,h
1.91,2.33,ow,phones,h
