Begin,End,Label,Type,Speaker
0.4,0.57,two,words,h
0.57,1.07,couples,words,h
1.07,1.39,pose,words,h
1.39,1.64,with,words,h
1.71,2.01,a,words,h
2.01,2.69,snowman,words,h
0.4,0.49,tʰ,phones,h
0.49,0.57,ʉ,phones,h
0.57,0.67,kʰ,phones,h
0.67,0.75,ɐ,phones,h
0.75,0.86,p,phones,h
0.86,0.93,ɫ̩,phones,h
0.93,1.07,z,phones,h
1.07,1.11,pʰ,phones,h
1.11,1.3,əw,phones,h
1.3,1.39,z,phones,h
1.39,1.44,w,phones,h
1.44,1.53,ɪ,phones,h
1.53,1.64,θ,phones,h
1.71,2.01,ej,phones,h
2.01,2.18,s,phones,h
2.18,2.24,n,phones,h
2.24,2.37,ow,phones,h
2.37,2.45,m,phones,h
2.45,2.53,æ,phones,h
2.53,2.69,n,phones,h
