Begin,End,Label,Type,Speaker
0.34,0.52,two,words,h
0.52,1.03,couples,words,h
1.03,1.33,pose,words,h
1.33,1.56,with,words,h
1.56,1.67,a,words,h
1.67,2.49,snowman,words,h
0.34,0.43,tʰ,phones,h
0.43,0.52,ʉ,phones,h
0.52,0.63,kʰ,phones,h
0.63,0.7,ɐ,phones,h
0.7,0.82,p,phones,h
0.82,0.89,ɫ̩,phones,h
0.89,1.03,z,phones,h
1.03,1.08,pʰ,phones,h
1.08,1.25,ow,phones,h
1.25,1.33,z,phones,h
1.33,1.38,w,phones,h
1.38,1.44,ɪ,phones,h
1.44,1.56,θ,phones,h
1.56,1.67,ə,phones,h
1.67,1.88,s,phones,h
1.88,1.97,n,phones,h
1.97,2.14,ow,phones,h
2.14,2.22,m,phones,h
2.22,2.3,æ,phones,h
2.3,2.49,n,phones,h
