Begin,End,Label,Type,Speaker
0.08,0.47,two,words,h
0.47,1.04,couples,words,h
1.04,1.32,pose,words,h
1.32,1.5,with,words,h
1.5,1.55,a,words,h
1.55,2.13,snowman,words,h
0.08,0.21,tʰ,phones,h
0.21,0.47,ʉ,phones,h
0.47,0.63,kʰ,phones,h
0.63,0.7,ɐ,phones,h
0.7,0.81,p,phones,h
0.81,0.91,ɫ̩,phones,h
0.91,1.04,z,phones,h
1.04,1.09,pʰ,phones,h
1.09,1.24,əw,phones,h
1.24,1.32,z,phones,h
1.32,1.36,w,phones,h
1.36,1.42,ɪ,phones,h
1.42,1.5,θ,phones,h
1.5,1.55,ə,phones,h
1.55,1.66,s,phones,h
1.66,1.7,n,phones,h
1.7,1.83,ow,phones,h
1.83,1.91,m,phones,h
1.91,1.97,æ,phones,h
1.97,2.13,n,phones,h
