Begin,End,Label,Type,Speaker
0.36,0.46,a,words,h
0.46,0.92,baby,words,h
0.92,1.29,looks,words,h
1.29,1.45,through,words,h
1.45,1.67,his,words,h
1.67,2.1,crib,words,h
0.36,0.46,ə,phones,h
0.46,0.57,b,phones,h
0.57,0.75,ej,phones,h
0.75,0.83,bʲ,phones,h
0.83,0.92,i,phones,h
0.92,1.11,l,phones,h
1.11,1.15,ʊ,phones,h
1.15,1.2,k,phones,h
1.2,1.29,s,phones,h
1.29,1.37,θ,phones,h
1.37,1.42,ɹ,phones,h
1.42,1.45,ʉː,phones,h
1.45,1.51,ç,phones,h
1.51,1.56,ɪ,phones,h
1.56,1.67,z,phones,h
1.67,1.76,c,phones,h
1.76,1.84,ɹ,phones,h
1.84,1.93,i,phones,h
1.93,2.1,b,phones,h
