Begin,End,Label,Type,Speaker
0.38,0.67,a,words,h
0.67,1.01,dog,words,h
1.01,1.11,is,words,h
1.11,1.63,shaking,words,h
1.63,1.89,off,words,h
1.89,2.35,water,words,h
0.38,0.67,ej,phones,h
0.67,0.78,d,phones,h
0.78,0.95,ɒ,phones,h
0.95,1.01,ɡ,phones,h
1.01,1.07,i,phones,h
1.07,1.11,z,phones,h
1.11,1.24,ʃ,phones,h
1.24,1.37,ej,phones,h
1.37,1.49,c,phones,h
1.49,1.55,ɪ,phones,h
1.55,1.63,ŋ,phones,h
1.63,1.77,ɒ,phones,h
1.77,1.89,f,phones,h
1.89,1.94,w,phones,h
1.94,2.08,ɒː,phones,h
2.08,2.22,t,phones,h
2.22,2.35,ə,phones,h
