Begin,End,Label,Type,Speaker
0.52,0.6,a,words,h
0.6,0.89,dog,words,h
0.89,1.0,is,words,h
1.0,1.75,shaking,words,h
1.75,2.0,off,words,h
2.0,4.62,water,words,h
0.52,0.6,ə,phones,h
0.6,0.7,d,phones,h
0.7,0.83,ɒ,phones,h
0.83,0.89,ɡ,phones,h
0.89,0.96,i,phones,h
0.96,1.0,z,phones,h
1.0,1.19,ʃ,phones,h
1.19,1.39,ej,phones,h
1.39,1.55,c,phones,h
1.55,1.64,ɪ,phones,h
1.64,1.75,ŋ,phones,h
1.75,1.89,ɒ,phones,h
1.89,2.0,f,phones,h
2.0,2.06,w,phones,h
2.06,2.17,ɒː,phones,h
2.17,2.3,t,phones,h
2.3,4.62,ə,phones,h
