Begin,End,Label,Type,Speaker
0.12,0.24,a,words,h
0.24,0.91,person,words,h
0.91,1.38,poses,words,h
1.38,1.51,in,words,h
1.51,1.63,the,words,h
1.63,2.02,snow,words,h
0.12,0.24,ə,phones,h
0.24,0.46,pʰ,phones,h
0.46,0.63,ɝ,phones,h
0.63,0.76,s,phones,h
0.76,0.83,ə,phones,h
0.83,0.91,n,phones,h
0.91,1.04,pʰ,phones,h
1.04,1.15,əw,phones,h
1.15,1.23,z,phones,h
1.23,1.27,ɪ,phones,h
1.27,1.38,z,phones,h
1.38,1.43,ɪ,phones,h
1.43,1.51,n,phones,h
1.51,1.55,ð,phones,h
1.55,1.63,ə,phones,h
1.63,1.73,s,phones,h
1.73,1.79,n,phones,h
1.79,2.02,ow,phones,h
