Begin,End,Label,Type,Speaker
0.26,0.55,a,words,h
0.55,1.06,person,words,h
1.06,1.54,poses,words,h
1.54,1.65,in,words,h
1.65,1.78,the,words,h
1.78,2.21,snow,words,h
0.26,0.55,ej,phones,h
0.55,0.69,pʰ,phones,h
0.69,0.84,ɝ,phones,h
0.84,0.94,s,phones,h
0.94,0.99,ə,phones,h
0.99,1.06,n,phones,h
1.06,1.18,pʰ,phones,h
1.18,1.29,ow,phones,h
1.29,1.38,z,phones,h
1.38,1.42,ɪ,phones,h
1.42,1.54,z,phones,h
1.54,1.58,ɪ,phones,h
1.58,1.65,n,phones,h
1.65,1.72,ð,phones,h
1.72,1.78,ə,phones,h
1.78,1.9,s,phones,h
1.9,1.96,n,phones,h
1.96,2.21,ow,phones,h
