Begin,End,Label,Type,Speaker
0.34,0.48,a,words,h
0.48,0.87,person,words,h
0.87,1.49,poses,words,h
1.54,1.89,in,words,h
1.89,2.02,the,words,h
2.02,2.5,snow,words,h
0.34,0.48,ə,phones,h
0.48,0.55,pʰ,phones,h
0.55,0.69,ɜː,phones,h
0.69,0.78,s,phones,h
0.78,0.82,ə,phones,h
0.82,0.87,n,phones,h
0.87,0.99,pʰ,phones,h
0.99,1.12,ow,phones,h
1.12,1.25,z,phones,h
1.25,1.37,ɪ,phones,h
1.37,1.49,z,phones,h
1.54,1.74,i,phones,h
1.74,1.89,n,phones,h
1.89,1.93,ð,phones,h
1.93,2.02,ə,phones,h
2.02,2.12,s,phones,h
2.12,2.19,n,phones,h
2.19,2.5,ow,phones,h
