Begin,End,Label,Type,Speaker
0.32,0.42,a,words,h
0.42,0.76,dog,words,h
0.84,1.35,jumps,words,h
1.35,1.6,onto,words,h
1.6,1.68,the,words,h
1.68,2.41,sidewalk,words,h
0.32,0.42,ə,phones,h
0.42,0.54,d,phones,h
0.54,0.69,ɒ,phones,h
0.69,0.76,ɡ,phones,h
0.84,0.92,dʒ,phones,h
0.92,1.09,ɐ,phones,h
1.09,1.19,m,phones,h
1.19,1.22,p,phones,h
1.22,1.35,s,phones,h
1.35,1.42,ɒ,phones,h
1.42,1.48,n,phones,h
1.48,1.56,tʰ,phones,h
1.56,1.6,ʉː,phones,h
1.6,1.63,ð,phones,h
1.63,1.68,ə,phones,h
1.68,1.81,s,phones,h
1.81,1.94,aj,phones,h
1.94,2.01,d,phones,h
2.01,2.05,w,phones,h
2.05,2.18,ɒː,phones,h
2.18,2.41,k,phones,h
