Begin,End,Label,Type,Speaker
0.37,0.46,a,words,h
0.46,0.78,dog,words,h
0.78,1.14,jumps,words,h
1.14,1.65,onto,words,h
1.65,2.05,the,words,h
2.05,2.84,sidewalk,words,h
0.37,0.46,ə,phones,h
0.46,0.56,d,phones,h
0.56,0.69,ɒ,phones,h
0.69,0.78,ɡ,phones,h
0.78,0.84,dʒ,phones,h
0.84,0.98,ɐ,phones,h
0.98,1.04,m,phones,h
1.04,1.07,p,phones,h
1.07,1.14,s,phones,h
1.14,1.26,ɒ,phones,h
1.26,1.34,n,phones,h
1.34,1.45,tʰ,phones,h
1.45,1.65,ʉː,phones,h
1.65,1.76,ð,phones,h
1.76,2.05,i,phones,h
2.05,2.22,s,phones,h
2.22,2.37,aj,phones,h
2.37,2.44,d,phones,h
2.44,2.49,w,phones,h
2.49,2.65,ɒː,phones,h
2.65,2.84,k,phones,h
