Begin,End,Label,Type,Speaker
0.27,0.55,a,words,h
0.55,0.95,dog,words,h
0.95,1.32,jumps,words,h
1.32,1.57,onto,words,h
1.57,1.66,the,words,h
1.66,2.43,sidewalk,words,h
0.27,0.55,ej,phones,h
0.55,0.67,d,phones,h
0.67,0.85,ɒ,phones,h
0.85,0.95,ɡ,phones,h
0.95,1.02,dʒ,phones,h
1.02,1.15,ɐ,phones,h
1.15,1.2,m,phones,h
1.2,1.24,p,phones,h
1.24,1.32,s,phones,h
1.32,1.39,ɒ,phones,h
1.39,1.47,n,phones,h
1.47,1.53,tʰ,phones,h
1.53,1.57,ʉː,phones,h
1.57,1.61,ð,phones,h
1.61,1.66,ə,phones,h
1.66,1.77,s,phones,h
1.77,1.91,aj,phones,h
1.91,2.03,d,phones,h
2.03,2.06,w,phones,h
2.06,2.2,ɒː,phones,h
2.2,2.43,k,phones,h
