Begin,End,Label,Type,Speaker
0.12,0.2,a,words,h
0.2,0.7,dog,words,h
0.7,1.07,jumps,words,h
1.07,1.29,onto,words,h
1.29,1.38,the,words,h
1.38,2.11,sidewalk,words,h
0.12,0.2,ə,phones,h
0.2,0.37,d,phones,h
0.37,0.6,ɒ,phones,h
0.6,0.7,ɡ,phones,h
0.7,0.78,dʒ,phones,h
0.78,0.87,ɐ,phones,h
0.87,0.93,m,phones,h
0.93,0.97,p,phones,h
0.97,1.07,s,phones,h
1.07,1.13,ɒ,phones,h
1.13,1.18,n,phones,h
1.18,1.25,tʰ,phones,h
1.25,1.29,ʉː,phones,h
1.29,1.33,ð,phones,h
1.33,1.38,ə,phones,h
1.38,1.5,s,phones,h
1.5,1.63,aj,phones,h
1.63,1.68,d,phones,h
1.68,1.74,w,phones,h
1.74,1.89,ɒː,phones,h
1.89,2.11,k,phones,h
