Begin,End,Label,Type,Speaker
0.33,0.61,a,words,h
0.61,1.04,man,words,h
1.04,1.47,jumps,words,h
1.47,1.7,while,words,h
1.7,2.05,snow,words,h
2.05,2.65,skiing,words,h
0.33,0.61,ej,phones,h
0.61,0.73,m,phones,h
0.73,0.87,a,phones,h
0.87,1.04,n,phones,h
1.04,1.11,dʒ,phones,h
1.11,1.26,ɐ,phones,h
1.26,1.33,m,phones,h
1.33,1.36,p,phones,h
1.36,1.47,s,phones,h
1.47,1.56,w,phones,h
1.56,1.63,aj,phones,h
1.63,1.7,ɫ,phones,h
1.7,1.83,s,phones,h
1.83,1.89,n,phones,h
1.89,2.05,ow,phones,h
2.05,2.15,s,phones,h
2.15,2.23,c,phones,h
2.23,2.27,i,phones,h
2.27,2.43,ɪ,phones,h
2.43,2.65,ŋ,phones,h
