Begin,End,Label,Type,Speaker
0.51,0.61,a,words,h
0.61,0.97,man,words,h
0.97,1.39,jumps,words,h
1.39,1.64,while,words,h
1.64,2.07,snow,words,h
2.07,2.71,skiing,words,h
0.51,0.61,ə,phones,h
0.61,0.71,m,phones,h
0.71,0.87,æ,phones,h
0.87,0.97,n,phones,h
0.97,1.05,dʒ,phones,h
1.05,1.19,ɐ,phones,h
1.19,1.25,m,phones,h
1.25,1.29,p,phones,h
1.29,1.39,s,phones,h
1.39,1.46,w,phones,h
1.46,1.55,aj,phones,h
1.55,1.64,ɫ,phones,h
1.64,1.8,s,phones,h
1.8,1.85,n,phones,h
1.85,2.07,ow,phones,h
2.07,2.21,s,phones,h
2.21,2.29,c,phones,h
2.29,2.38,i,phones,h
2.38,2.54,ɪ,phones,h
2.54,2.71,ŋ,phones,h
