Begin,End,Label,Type,Speaker
0.56,0.65,a,words,h
0.65,1.0,man,words,h
1.0,1.39,jumps,words,h
1.39,1.63,while,words,h
1.63,2.27,snow,words,h
2.27,2.92,skiing,words,h
0.56,0.65,ə,phones,h
0.65,0.74,m,phones,h
0.74,0.91,æ,phones,h
0.91,1.0,n,phones,h
1.0,1.07,dʒ,phones,h
1.07,1.22,ɐ,phones,h
1.22,1.26,m,phones,h
1.26,1.3,p,phones,h
1.3,1.39,s,phones,h
1.39,1.45,w,phones,h
1.45,1.53,aj,phones,h
1.53,1.63,ɫ,phones,h
1.63,1.8,s,phones,h
1.8,1.93,n,phones,h
1.93,2.27,ow,phones,h
2.27,2.41,s,phones,h
2.41,2.49,c,phones,h
2.49,2.55,i,phones,h
2.55,2.73,ɪ,phones,h
2.73,2.92,ŋ,phones,h
