Begin,End,Label,Type,Speaker
0.38,0.46,a,words,h
0.46,0.85,man,words,h
0.85,1.41,jumps,words,h
1.41,1.64,while,words,h
1.64,2.01,snow,words,h
2.01,2.56,skiing,words,h
0.38,0.46,ə,phones,h
0.46,0.55,m,phones,h
0.55,0.74,æ,phones,h
0.74,0.85,n,phones,h
0.85,0.94,dʒ,phones,h
0.94,1.13,ɐ,phones,h
1.13,1.25,m,phones,h
1.25,1.29,p,phones,h
1.29,1.41,s,phones,h
1.41,1.49,w,phones,h
1.49,1.54,aj,phones,h
1.54,1.64,ɫ,phones,h
1.64,1.79,s,phones,h
1.79,1.84,n,phones,h
1.84,2.01,ow,phones,h
2.01,2.1,s,phones,h
2.1,2.17,c,phones,h
2.17,2.24,i,phones,h
2.24,2.37,ɪ,phones,h
2.37,2.56,ŋ,phones,h
