Begin,End,Label,Type,Speaker
0.79,0.88,a,words,h
0.88,1.12,boy,words,h
1.12,1.26,is,words,h
1.26,1.93,surrounded,words,h
1.93,2.1,by,words,h
2.1,2.79,pigeons,words,h
0.79,0.88,ə,phones,h
0.88,0.98,b,phones,h
0.98,1.12,ɔj,phones,h
1.12,1.2,i,phones,h
1.2,1.26,z,phones,h
1.26,1.39,s,phones,h
1.39,1.46,ə,phones,h
1.46,1.58,ɹ,phones,h
1.58,1.69,aw,phones,h
1.69,1.75,n,phones,h
1.75,1.8,d,phones,h
1.8,1.87,ɪ,phones,h
1.87,1.93,d,phones,h
1.93,2.0,b,phones,h
2.0,2.1,aj,phones,h
2.1,2.23,pʰ,phones,h
2.23,2.31,i,phones,h
2.31,2.4,dʒ,phones,h
2.4,2.49,i,phones,h
2.49,2.62,n,phones,h
2.62,2.79,z,phones,h
