Begin,End,Label,Type,Speaker
0.55,0.62,a,words,h
0.62,0.89,boy,words,h
0.89,1.18,is,words,h
1.18,1.68,surrounded,words,h
1.68,1.84,by,words,h
1.84,2.49,pigeons,words,h
0.55,0.62,ə,phones,h
0.62,0.73,b,phones,h
0.73,0.89,ɔj,phones,h
0.89,1.11,i,phones,h
1.11,1.18,z,phones,h
1.18,1.26,s,phones,h
1.26,1.31,ə,phones,h
1.31,1.4,ɹ,phones,h
1.4,1.49,aw,phones,h
1.49,1.53,n,phones,h
1.53,1.57,d,phones,h
1.57,1.64,ɪ,phones,h
1.64,1.68,d,phones,h
1.68,1.73,b,phones,h
1.73,1.84,aj,phones,h
1.84,1.94,pʰ,phones,h
1.94,2.02,ɪ,phones,h
2.02,2.13,dʒ,phones,h
2.13,2.23,ə,phones,h
2.23,2.35,n,phones,h
2.35,2.49,z,phones,h
