Begin,End,Label,Type,Speaker
0.57,0.63,a,words,h
0.63,0.97,dog,words,h
0.97,1.35,jumps,words,h
1.35,1.72,over,words,h
1.72,2.09,the,words,h
2.09,2.64,pole,words,h
0.57,0.63,ə,phones,h
0.63,0.76,d,phones,h
0.76,0.88,ɒ,phones,h
0.88,0.97,ɡ,phones,h
0.97,1.04,dʒ,phones,h
1.04,1.16,ɐ,phones,h
1.16,1.22,m,phones,h
1.22,1.26,p,phones,h
1.26,1.35,s,phones,h
1.35,1.49,əw,phones,h
1.49,1.6,v,phones,h
1.6,1.72,ə,phones,h
1.72,1.84,ð,phones,h
1.84,2.09,i,phones,h
2.09,2.27,pʰ,phones,h
2.27,2.39,ow,phones,h
2.39,2.64,ɫ,phones,h
