Begin,End,Label,Type,Speaker
0.52,0.86,people,words,h
0.86,0.98,in,words,h
0.98,1.33,dark,words,h
1.33,1.91,clothing,words,h
1.91,2.15,sit,words,h
2.15,2.61,together,words,h
0.52,0.59,pʰ,phones,h
0.59,0.65,iː,phones,h
0.65,0.76,p,phones,h
0.76,0.86,ɫ̩,phones,h
0.86,0.9,ɪ,phones,h
0.9,0.98,n,phones,h
0.98,1.05,d,phones,h
1.05,1.2,ɑ,phones,h
1.2,1.25,ɹ,phones,h
1.25,1.33,k,phones,h
1.33,1.45,k,phones,h
1.45,1.49,l,phones,h
1.49,1.63,ow,phones,h
1.63,1.7,ð,phones,h
1.7,1.8,ɪ,phones,h
1.8,1.91,ŋ,phones,h
1.91,2.04,s,phones,h
2.04,2.09,ɪ,phones,h
2.09,2.15,t,phones,h
2.15,2.23,tʰ,phones,h
2.23,2.26,ə,phones,h
2.26,2.32,ɟ,phones,h
2.32,2.41,ɛ,phones,h
2.41,2.46,ð,phones,h
2.46,2.61,ə,phones,h
