Begin,End,Label,Type,Speaker
0.43,0.77,people,words,h
0.77,1.27,in,words,h
1.27,1.61,dark,words,h
1.61,2.07,clothing,words,h
2.07,2.29,sit,words,h
2.29,2.76,together,words,h
0.43,0.51,pʰ,phones,h
0.51,0.56,iː,phones,h
0.56,0.67,p,phones,h
0.67,0.77,ɫ̩,phones,h
0.77,0.93,ʔ,phones,h
0.93,1.11,ɪ,phones,h
1.11,1.27,n,phones,h
1.27,1.33,d,phones,h
1.33,1.45,ɑ,phones,h
1.45,1.5,ɹ,phones,h
1.5,1.61,k,phones,h
1.61,1.76,k,phones,h
1.76,1.8,l,phones,h
1.8,1.88,əw,phones,h
1.88,1.94,ð,phones,h
1.94,2.0,ɪ,phones,h
2.0,2.07,ŋ,phones,h
2.07,2.17,s,phones,h
2.17,2.24,ɪ,phones,h
2.24,2.29,t,phones,h
2.29,2.37,tʰ,phones,h
2.37,2.4,ə,phones,h
2.4,2.46,ɟ,phones,h
2.46,2.55,ɛ,phones,h
2.55,2.61,ð,phones,h
2.61,2.76,ə,phones,h
