Begin,End,Label,Type,Speaker
0.47,0.78,people,words,h
0.78,0.92,in,words,h
0.92,1.2,dark,words,h
1.2,1.71,clothing,words,h
1.71,2.16,sit,words,h
2.16,2.68,together,words,h
0.47,0.54,pʰ,phones,h
0.54,0.6,iː,phones,h
0.6,0.69,p,phones,h
0.69,0.78,ɫ̩,phones,h
0.78,0.86,ɪ,phones,h
0.86,0.92,n,phones,h
0.92,0.99,d,phones,h
0.99,1.14,ɑː,phones,h
1.14,1.2,k,phones,h
1.2,1.27,k,phones,h
1.27,1.31,l,phones,h
1.31,1.42,ow,phones,h
1.42,1.47,ð,phones,h
1.47,1.59,ɪ,phones,h
1.59,1.71,ŋ,phones,h
1.71,1.9,s,phones,h
1.9,2.03,ɪ,phones,h
2.03,2.16,t,phones,h
2.16,2.25,tʰ,phones,h
2.25,2.3,ə,phones,h
2.3,2.37,ɟ,phones,h
2.37,2.45,ɛ,phones,h
2.45,2.5,ð,phones,h
2.5,2.68,ə,phones,h
