Begin,End,Label,Type,Speaker
0.32,0.8,people,words,h
0.8,0.95,in,words,h
0.95,1.2,dark,words,h
1.2,1.61,clothing,words,h
1.61,1.82,sit,words,h
1.82,2.31,together,words,h
0.32,0.38,pʰ,phones,h
0.38,0.53,iː,phones,h
0.53,0.61,p,phones,h
0.61,0.8,ɫ̩,phones,h
0.8,0.89,ɪ,phones,h
0.89,0.95,n,phones,h
0.95,1.0,d,phones,h
1.0,1.14,ɑː,phones,h
1.14,1.2,k,phones,h
1.2,1.29,k,phones,h
1.29,1.32,l,phones,h
1.32,1.44,əw,phones,h
1.44,1.47,ð,phones,h
1.47,1.54,ɪ,phones,h
1.54,1.61,ŋ,phones,h
1.61,1.7,s,phones,h
1.7,1.76,ɪ,phones,h
1.76,1.82,t,phones,h
1.82,1.88,tʰ,phones,h
1.88,1.91,ə,phones,h
1.91,1.98,ɟ,phones,h
1.98,2.08,ɛ,phones,h
2.08,2.13,ð,phones,h
2.13,2.31,ə,phones,h
