Begin,End,Label,Type,Speaker
0.32,0.61,a,words,h
0.61,0.94,dog,words,h
0.94,1.42,sprints,words,h
1.42,1.79,across,words,h
1.79,1.85,the,words,h
1.85,2.36,grass,words,h
0.32,0.61,ej,phones,h
0.61,0.71,d,phones,h
0.71,0.88,ɒ,phones,h
0.88,0.94,ɡ,phones,h
0.94,1.04,s,phones,h
1.04,1.14,p,phones,h
1.14,1.2,ɹ,phones,h
1.2,1.28,ɪ,phones,h
1.28,1.32,n,phones,h
1.32,1.36,t,phones,h
1.36,1.42,s,phones,h
1.42,1.47,ə,phones,h
1.47,1.58,k,phones,h
1.58,1.62,ɹ,phones,h
1.62,1.7,ɒ,phones,h
1.7,1.79,s,phones,h
1.79,1.85,ə,phones,h
1.85,1.91,ɟ,phones,h
1.91,1.96,ɹ,phones,h
1.96,2.16,æ,phones,h
2.16,2.36,s,phones,h
