Begin,End,Label,Type,Speaker
0.5,0.56,a,words,h
0.56,0.86,young,words,h
0.86,1.06,girl,words,h
1.06,1.47,plays,words,h
1.47,4.26,outside,words,h
0.5,0.56,æ,phones,h
0.56,0.67,j,phones,h
0.67,0.79,ɐ,phones,h
0.79,0.86,ŋ,phones,h
0.86,0.91,ɡ,phones,h
0.91,1.0,ɝ,phones,h
1.0,1.06,ɫ,phones,h
1.06,1.2,p,phones,h
1.2,1.24,l,phones,h
1.24,1.37,ej,phones,h
1.37,1.47,z,phones,h
1.47,1.53,aw,phones,h
1.53,1.59,t,phones,h
1.59,1.71,s,phones,h
1.71,1.94,aj,phones,h
1.94,4.26,d,phones,h
