Begin,End,Label,Type,Speaker
0.24,0.75,kids,words,h
0.75,1.16,play,words,h
1.16,1.58,ultimate,words,h
1.58,2.15,frisbee,words,h
0.24,0.33,cʰ,phones,h
0.33,0.5,ɪ,phones,h
0.5,0.61,d,phones,h
0.61,0.75,z,phones,h
0.75,0.81,p,phones,h
0.81,0.87,l,phones,h
0.87,1.16,ej,phones,h
1.16,1.19,ɐ,phones,h
1.19,1.26,ɫ,phones,h
1.26,1.35,t,phones,h
1.35,1.41,ə,phones,h
1.41,1.45,m,phones,h
1.45,1.52,ɪ,phones,h
1.52,1.58,t,phones,h
1.58,1.67,f,phones,h
1.67,1.71,ɹ,phones,h
1.71,1.78,ɪ,phones,h
1.78,1.89,s,phones,h
1.89,1.95,bʲ,phones,h
1.95,2.15,iː,phones,h
