Begin,End,Label,Type,Speaker
0.15,0.45,the,words,h
0.45,0.8,little,words,h
0.8,1.13,girl,words,h
1.13,1.33,is,words,h
1.33,1.61,eating,words,h
1.61,2.28,outdoors,words,h
0.15,0.28,z,phones,h
0.28,0.45,e,phones,h
0.45,0.54,ʎ,phones,h
0.54,0.6,ɪ,phones,h
0.6,0.71,t,phones,h
0.71,0.8,ɫ̩,phones,h
0.8,0.9,ɡ,phones,h
0.9,1.09,ɜː,phones,h
1.09,1.13,ɫ,phones,h
1.13,1.21,ɪ,phones,h
1.21,1.33,z,phones,h
1.33,1.39,iː,phones,h
1.39,1.48,t,phones,h
1.48,1.53,ɪ,phones,h
1.53,1.61,ŋ,phones,h
1.61,1.69,aw,phones,h
1.69,1.75,t,phones,h
1.75,1.81,d,phones,h
1.81,1.95,ɒ,phones,h
1.95,2.08,ɹ,phones,h
2.08,2.28,z,phones,h
