Begin,End,Label,Type,Speaker
0.35,0.51,the,words,h
0.51,0.9,little,words,h
0.9,1.28,girl,words,h
1.28,1.52,is,words,h
1.52,1.9,eating,words,h
1.9,2.51,outdoors,words,h
0.35,0.46,ð,phones,h
0.46,0.51,iː,phones,h
0.51,0.61,ʎ,phones,h
0.61,0.68,ɪ,phones,h
0.68,0.8,t,phones,h
0.8,0.9,ɫ̩,phones,h
0.9,1.0,ɟ,phones,h
1.0,1.19,ɛː,phones,h
1.19,1.28,ɫ,phones,h
1.28,1.43,i,phones,h
1.43,1.52,z,phones,h
1.52,1.66,iː,phones,h
1.66,1.74,t,phones,h
1.74,1.79,ɪ,phones,h
1.79,1.9,ŋ,phones,h
1.9,1.98,aw,phones,h
1.98,2.04,t,phones,h
2.04,2.09,d,phones,h
2.09,2.22,ɒ,phones,h
2.22,2.36,ɹ,phones,h
2.36,2.51,z,phones,h
