Begin,End,Label,Type,Speaker
0.26,0.37,the,words,h
0.37,0.72,little,words,h
0.72,1.01,girl,words,h
1.01,1.19,is,words,h
1.19,1.73,eating,words,h
1.73,2.4,outdoors,words,h
0.26,0.33,ð,phones,h
0.33,0.37,iː,phones,h
0.37,0.45,ʎ,phones,h
0.45,0.53,i,phones,h
0.53,0.61,t,phones,h
0.61,0.67,ʊ,phones,h
0.67,0.72,ɫ,phones,h
0.72,0.81,ɟ,phones,h
0.81,0.93,ɛː,phones,h
0.93,1.01,ɫ,phones,h
1.01,1.09,i,phones,h
1.09,1.19,z,phones,h
1.19,1.4,iː,phones,h
1.4,1.51,t,phones,h
1.51,1.61,ɪ,phones,h
1.61,1.73,ŋ,phones,h
1.73,1.82,aw,phones,h
1.82,1.87,t,phones,h
1.87,1.93,d,phones,h
1.93,2.06,ɒ,phones,h
2.06,2.19,ɹ,phones,h
2.19,2.4,z,phones,h
