Begin,End,Label,Type,Speaker
0.25,0.32,the,words,h
0.32,0.7,little,words,h
0.7,1.05,girl,words,h
1.15,1.46,is,words,h
1.46,1.86,eating,words,h
1.86,2.52,outdoors,words,h
0.25,0.29,ð,phones,h
0.29,0.32,ə,phones,h
0.32,0.41,ʎ,phones,h
0.41,0.48,i,phones,h
0.48,0.57,t,phones,h
0.57,0.63,ʊ,phones,h
0.63,0.7,ɫ,phones,h
0.7,0.8,ɟ,phones,h
0.8,0.95,ɛː,phones,h
0.95,1.05,ɫ,phones,h
1.15,1.38,i,phones,h
1.38,1.46,z,phones,h
1.46,1.64,iː,phones,h
1.64,1.72,t,phones,h
1.72,1.77,ɪ,phones,h
1.77,1.86,ŋ,phones,h
1.86,1.94,aw,phones,h
1.94,1.99,t,phones,h
1.99,2.04,d,phones,h
2.04,2.17,ɒ,phones,h
2.17,2.32,ɹ,phones,h
2.32,2.52,z,phones,h
