Begin,End,Label,Type,Speaker
0.43,0.76,three,words,h
0.76,1.11,people,words,h
1.11,1.92,participate,words,h
1.92,2.26,in,words,h
2.26,2.72,rock,words,h
2.83,3.46,climbing,words,h
0.43,0.62,θ,phones,h
0.62,0.69,ɹ,phones,h
0.69,0.76,iː,phones,h
0.76,0.84,pʰ,phones,h
0.84,0.95,iː,phones,h
0.95,1.04,p,phones,h
1.04,1.11,ɫ̩,phones,h
1.11,1.22,pʰ,phones,h
1.22,1.3,ɑː,phones,h
1.3,1.4,t,phones,h
1.4,1.46,ɪ,phones,h
1.46,1.56,s,phones,h
1.56,1.62,ɪ,phones,h
1.62,1.71,pʰ,phones,h
1.71,1.86,ej,phones,h
1.86,1.92,t,phones,h
1.92,2.13,i,phones,h
2.13,2.26,n,phones,h
2.26,2.39,ɹ,phones,h
2.39,2.55,ɒ,phones,h
2.55,2.72,k,phones,h
2.83,2.9,k,phones,h
2.9,2.98,l,phones,h
2.98,3.12,aj,phones,h
3.12,3.19,m,phones,h
3.19,3.29,ɪ,phones,h
3.29,3.46,ŋ,phones,h
