Begin,End,Label,Type,Speaker
0.16,0.73,three,words,h
0.73,1.2,people,words,h
1.2,1.97,participate,words,h
1.97,2.09,in,words,h
2.09,2.29,rock,words,h
2.29,2.84,climbing,words,h
0.16,0.4,θ,phones,h
0.4,0.52,ɹ,phones,h
0.52,0.73,iː,phones,h
0.73,0.84,pʰ,phones,h
0.84,0.96,iː,phones,h
0.96,1.08,p,phones,h
1.08,1.2,ɫ̩,phones,h
1.2,1.32,pʰ,phones,h
1.32,1.39,ɑː,phones,h
1.39,1.5,t,phones,h
1.5,1.56,ɪ,phones,h
1.56,1.66,s,phones,h
1.66,1.7,ɪ,phones,h
1.7,1.82,pʰ,phones,h
1.82,1.93,ej,phones,h
1.93,1.97,t,phones,h
1.97,2.03,ɪ,phones,h
2.03,2.09,n,phones,h
2.09,2.18,ɹ,phones,h
2.18,2.24,ɒ,phones,h
2.24,2.29,k,phones,h
2.29,2.4,k,phones,h
2.4,2.43,l,phones,h
2.43,2.52,aj,phones,h
2.52,2.59,m,phones,h
2.59,2.68,ɪ,phones,h
2.68,2.84,ŋ,phones,h
