Begin,End,Label,Type,Speaker
0.18,0.55,three,words,h
0.55,0.96,people,words,h
0.96,1.95,participate,words,h
1.95,2.19,in,words,h
2.19,2.41,rock,words,h
2.41,2.97,climbing,words,h
0.18,0.39,θ,phones,h
0.39,0.48,ɹ,phones,h
0.48,0.55,iː,phones,h
0.55,0.64,pʰ,phones,h
0.64,0.75,iː,phones,h
0.75,0.85,p,phones,h
0.85,0.96,ɫ̩,phones,h
0.96,1.12,pʰ,phones,h
1.12,1.19,ɑː,phones,h
1.19,1.34,t,phones,h
1.34,1.45,ɪ,phones,h
1.45,1.55,s,phones,h
1.55,1.6,ɪ,phones,h
1.6,1.73,pʰ,phones,h
1.73,1.89,ej,phones,h
1.89,1.95,ʔ,phones,h
1.95,1.99,ʔ,phones,h
1.99,2.05,ɪ,phones,h
2.05,2.19,n,phones,h
2.19,2.27,ɹ,phones,h
2.27,2.36,ɑ,phones,h
2.36,2.41,k,phones,h
2.41,2.5,k,phones,h
2.5,2.54,l,phones,h
2.54,2.65,aj,phones,h
2.65,2.72,m,phones,h
2.72,2.81,ɪ,phones,h
2.81,2.97,ŋ,phones,h
