Begin,End,Label,Type,Speaker
0.44,0.75,three,words,h
0.75,1.14,people,words,h
1.14,1.89,participate,words,h
1.89,2.02,in,words,h
2.02,2.23,rock,words,h
2.23,2.79,climbing,words,h
0.44,0.62,θ,phones,h
0.62,0.67,ɹ,phones,h
0.67,0.75,iː,phones,h
0.75,0.85,pʰ,phones,h
0.85,0.95,iː,phones,h
0.95,1.04,p,phones,h
1.04,1.14,ɫ̩,phones,h
1.14,1.25,pʰ,phones,h
1.25,1.31,ɑː,phones,h
1.31,1.4,t,phones,h
1.4,1.46,ɪ,phones,h
1.46,1.55,s,phones,h
1.55,1.61,ɪ,phones,h
1.61,1.72,pʰ,phones,h
1.72,1.85,ej,phones,h
1.85,1.89,ʔ,phones,h
1.89,1.96,ɪ,phones,h
1.96,2.02,n,phones,h
2.02,2.12,ɹ,phones,h
2.12,2.17,ɑ,phones,h
2.17,2.23,k,phones,h
2.23,2.33,k,phones,h
2.33,2.37,l,phones,h
2.37,2.47,aj,phones,h
2.47,2.54,m,phones,h
2.54,2.65,ɪ,phones,h
2.65,2.79,ŋ,phones,h
