Begin,End,Label,Type,Speaker
0.21,0.6,the,words,h
0.6,0.94,dog,words,h
0.94,1.33,sits,words,h
1.33,1.53,by,words,h
1.53,1.57,a,words,h
1.57,2.33,snowdrift,words,h
0.21,0.38,ð,phones,h
0.38,0.6,iː,phones,h
0.6,0.7,d,phones,h
0.7,0.87,ɒ,phones,h
0.87,0.94,ɡ,phones,h
0.94,1.05,s,phones,h
1.05,1.16,ɪ,phones,h
1.16,1.22,t,phones,h
1.22,1.33,s,phones,h
1.33,1.38,b,phones,h
1.38,1.53,aj,phones,h
1.53,1.57,ə,phones,h
1.57,1.67,s,phones,h
1.67,1.72,n,phones,h
1.72,1.85,ow,phones,h
1.85,1.93,d,phones,h
1.93,1.99,ɹ,phones,h
1.99,2.05,ɪ,phones,h
2.05,2.2,f,phones,h
2.2,2.33,t,phones,h
