Begin,End,Label,Type,Speaker
0.22,0.47,the,words,h
0.47,0.87,dog,words,h
0.87,1.23,sits,words,h
1.23,1.42,by,words,h
1.42,1.46,a,words,h
1.46,2.16,snowdrift,words,h
0.22,0.31,ð,phones,h
0.31,0.37,iː,phones,h
0.37,0.47,ʔ,phones,h
0.47,0.53,d,phones,h
0.53,0.79,ɒ,phones,h
0.79,0.87,ɡ,phones,h
0.87,0.99,s,phones,h
0.99,1.09,ɪ,phones,h
1.09,1.14,t,phones,h
1.14,1.23,s,phones,h
1.23,1.28,b,phones,h
1.28,1.42,aj,phones,h
1.42,1.46,ə,phones,h
1.46,1.56,s,phones,h
1.56,1.6,n,phones,h
1.6,1.7,ow,phones,h
1.7,1.77,d,phones,h
1.77,1.85,ɹ,phones,h
1.85,1.91,ɪ,phones,h
1.91,1.96,f,phones,h
1.96,2.16,t,phones,h
