Begin,End,Label,Type,Speaker
0.54,0.62,a,words,h
0.62,0.89,boy,words,h
0.89,1.36,holds,words,h
1.41,1.78,a,words,h
1.78,2.15,large,words,h
2.15,2.82,icicle,words,h
0.54,0.62,ə,phones,h
0.62,0.73,b,phones,h
0.73,0.89,ɔj,phones,h
0.89,1.02,h,phones,h
1.02,1.08,ow,phones,h
1.08,1.23,ɫ,phones,h
1.23,1.27,d,phones,h
1.27,1.36,z,phones,h
1.41,1.78,æ,phones,h
1.78,1.89,l,phones,h
1.89,2.01,ɑ,phones,h
2.01,2.05,ɹ,phones,h
2.05,2.15,dʒ,phones,h
2.15,2.31,aj,phones,h
2.31,2.43,s,phones,h
2.43,2.47,ɪ,phones,h
2.47,2.58,k,phones,h
2.58,2.82,ɫ̩,phones,h
