Begin,End,Label,Type,Speaker
0.34,0.45,a,words,h
0.45,0.92,boy,words,h
0.92,1.31,holds,words,h
1.31,1.34,a,words,h
1.34,1.73,large,words,h
1.73,2.31,icicle,words,h
0.34,0.45,ə,phones,h
0.45,0.6,b,phones,h
0.6,0.92,ɔj,phones,h
0.92,1.01,h,phones,h
1.01,1.08,ow,phones,h
1.08,1.18,ɫ,phones,h
1.18,1.22,d,phones,h
1.22,1.31,z,phones,h
1.31,1.34,ə,phones,h
1.34,1.43,l,phones,h
1.43,1.62,ɑː,phones,h
1.62,1.73,dʒ,phones,h
1.73,1.86,aj,phones,h
1.86,1.96,s,phones,h
1.96,2.0,ɪ,phones,h
2.0,2.12,k,phones,h
2.12,2.31,ɫ̩,phones,h
