Begin,End,Label,Type,Speaker
0.26,0.39,a,words,h
0.39,0.72,baby,words,h
0.72,1.25,wears,words,h
1.25,1.28,a,words,h
1.28,1.69,santa,words,h
1.69,2.15,hat,words,h
0.26,0.39,ə,phones,h
0.39,0.43,b,phones,h
0.43,0.58,ej,phones,h
0.58,0.64,bʲ,phones,h
0.64,0.72,i,phones,h
0.72,0.85,w,phones,h
0.85,1.12,ɛː,phones,h
1.12,1.25,z,phones,h
1.25,1.28,ə,phones,h
1.28,1.44,s,phones,h
1.44,1.52,æ,phones,h
1.52,1.61,n,phones,h
1.61,1.66,t,phones,h
1.66,1.69,ə,phones,h
1.69,1.85,h,phones,h
1.85,1.97,æ,phones,h
1.97,2.15,t,phones,h
