Begin,End,Label,Type,Speaker
0.55,0.71,a,words,h
0.71,1.14,baby,words,h
1.14,1.46,wears,words,h
1.46,1.5,a,words,h
1.5,1.87,santa,words,h
1.87,2.29,hat,words,h
0.55,0.71,ə,phones,h
0.71,0.75,b,phones,h
0.75,0.96,ej,phones,h
0.96,1.05,bʲ,phones,h
1.05,1.14,i,phones,h
1.14,1.23,w,phones,h
1.23,1.35,ɛː,phones,h
1.35,1.46,z,phones,h
1.46,1.5,ə,phones,h
1.5,1.63,s,phones,h
1.63,1.71,æ,phones,h
1.71,1.79,n,phones,h
1.79,1.84,t,phones,h
1.84,1.87,ə,phones,h
1.87,2.04,h,phones,h
2.04,2.18,æ,phones,h
2.18,2.29,t,phones,h
