Begin,End,Label,Type,Speaker
0.24,0.5,this,words,h
0.5,0.7,boy,words,h
0.7,1.21,is,words,h
1.21,1.67,throwing,words,h
1.67,1.7,a,words,h
1.7,2.28,snowball,words,h
0.24,0.31,ð,phones,h
0.31,0.4,i,phones,h
0.4,0.5,s,phones,h
0.5,0.54,b,phones,h
0.54,0.7,ɔj,phones,h
0.7,0.95,i,phones,h
0.95,1.21,z,phones,h
1.21,1.38,θ,phones,h
1.38,1.47,ɹ,phones,h
1.47,1.5,ow,phones,h
1.5,1.57,ɪ,phones,h
1.57,1.67,ŋ,phones,h
1.67,1.7,ə,phones,h
1.7,1.82,s,phones,h
1.82,1.87,n,phones,h
1.87,1.99,ow,phones,h
1.99,2.07,b,phones,h
2.07,2.19,ɒ,phones,h
2.19,2.28,ɫ,phones,h
