Begin,End,Label,Type,Speaker
0.24,0.52,this,words,h
0.52,0.7,boy,words,h
0.7,0.82,is,words,h
0.82,1.24,throwing,words,h
1.24,1.4,a,words,h
1.4,2.13,snowball,words,h
0.24,0.33,ð,phones,h
0.33,0.4,i,phones,h
0.4,0.52,s,phones,h
0.52,0.56,b,phones,h
0.56,0.7,ɔj,phones,h
0.7,0.74,ɪ,phones,h
0.74,0.82,z,phones,h
0.82,0.92,θ,phones,h
0.92,1.0,ɹ,phones,h
1.0,1.03,ow,phones,h
1.03,1.13,ɪ,phones,h
1.13,1.24,ŋ,phones,h
1.24,1.4,ej,phones,h
1.4,1.59,s,phones,h
1.59,1.65,n,phones,h
1.65,1.8,ow,phones,h
1.8,1.88,b,phones,h
1.88,2.01,ɒ,phones,h
2.01,2.13,ɫ,phones,h
