Begin,End,Label,Type,Speaker
0.4,0.49,a,words,h
0.49,0.69,dog,words,h
0.69,0.97,plays,words,h
0.97,1.33,in,words,h
1.33,1.45,the,words,h
1.45,1.91,snow,words,h
0.4,0.49,ə,phones,h
0.49,0.54,d,phones,h
0.54,0.61,ɒ,phones,h
0.61,0.69,ɡ,phones,h
0.69,0.74,p,phones,h
0.74,0.79,l,phones,h
0.79,0.9,ej,phones,h
0.9,0.97,z,phones,h
0.97,1.08,ʔ,phones,h
1.08,1.21,ɪ,phones,h
1.21,1.33,n,phones,h
1.33,1.37,ð,phones,h
1.37,1.45,ə,phones,h
1.45,1.58,s,phones,h
1.58,1.64,n,phones,h
1.64,1.91,ow,phones,h
