Begin,End,Label,Type,Speaker
0.33,0.41,a,words,h
0.41,0.69,dog,words,h
0.69,1.08,plays,words,h
1.08,1.19,in,words,h
1.19,1.28,the,words,h
1.28,1.68,snow,words,h
0.33,0.41,ə,phones,h
0.41,0.49,d,phones,h
0.49,0.6,ɒ,phones,h
0.6,0.69,ɡ,phones,h
0.69,0.77,p,phones,h
0.77,0.81,l,phones,h
0.81,0.97,ej,phones,h
0.97,1.08,z,phones,h
1.08,1.12,ɪ,phones,h
1.12,1.19,n,phones,h
1.19,1.24,ð,phones,h
1.24,1.28,ə,phones,h
1.28,1.41,s,phones,h
1.41,1.47,n,phones,h
1.47,1.68,ow,phones,h
