Begin,End,Label,Type,Speaker
0.46,0.73,three,words,h
0.73,1.11,dogs,words,h
1.11,1.35,run,words,h
1.35,1.56,in,words,h
1.56,1.91,the,words,h
1.91,2.44,snow,words,h
0.46,0.62,θ,phones,h
0.62,0.67,ɹ,phones,h
0.67,0.73,iː,phones,h
0.73,0.81,d,phones,h
0.81,0.95,ɒ,phones,h
0.95,1.02,ɡ,phones,h
1.02,1.11,z,phones,h
1.11,1.17,ɹ,phones,h
1.17,1.27,ɐ,phones,h
1.27,1.35,n,phones,h
1.35,1.43,i,phones,h
1.43,1.56,n,phones,h
1.56,1.66,ð,phones,h
1.66,1.91,i,phones,h
1.91,2.07,s,phones,h
2.07,2.13,n,phones,h
2.13,2.44,ow,phones,h
