Begin,End,Label,Type,Speaker
0.25,0.65,three,words,h
0.65,1.24,dogs,words,h
1.24,1.38,run,words,h
1.38,1.49,in,words,h
1.49,1.58,the,words,h
1.58,1.99,snow,words,h
0.25,0.46,θ,phones,h
0.46,0.54,ɹ,phones,h
0.54,0.65,iː,phones,h
0.65,0.78,d,phones,h
0.78,1.04,ɒ,phones,h
1.04,1.13,ɡ,phones,h
1.13,1.24,z,phones,h
1.24,1.28,ɹ,phones,h
1.28,1.34,ɐ,phones,h
1.34,1.38,n,phones,h
1.38,1.44,ɪ,phones,h
1.44,1.49,n,phones,h
1.49,1.53,ð,phones,h
1.53,1.58,ə,phones,h
1.58,1.69,s,phones,h
1.69,1.73,n,phones,h
1.73,1.99,ow,phones,h
