Begin,End,Label,Type,Speaker
0.54,0.76,three,words,h
0.76,1.14,dogs,words,h
1.14,1.37,run,words,h
1.37,1.8,in,words,h
1.8,1.92,the,words,h
1.92,2.37,snow,words,h
0.54,0.61,θ,phones,h
0.61,0.69,ɹ,phones,h
0.69,0.76,iː,phones,h
0.76,0.85,d,phones,h
0.85,0.97,ɒ,phones,h
0.97,1.04,ɡ,phones,h
1.04,1.14,z,phones,h
1.14,1.19,ɹ,phones,h
1.19,1.29,ɐ,phones,h
1.29,1.37,n,phones,h
1.37,1.49,ʔ,phones,h
1.49,1.63,ɪ,phones,h
1.63,1.8,n,phones,h
1.8,1.87,ð,phones,h
1.87,1.92,ə,phones,h
1.92,2.03,s,phones,h
2.03,2.08,n,phones,h
2.08,2.37,ow,phones,h
