Begin,End,Label,Type,Speaker
0.36,0.69,three,words,h
0.69,1.05,dogs,words,h
1.05,1.2,run,words,h
1.2,1.31,in,words,h
1.31,1.41,the,words,h
1.41,1.84,snow,words,h
0.36,0.52,θ,phones,h
0.52,0.58,ɹ,phones,h
0.58,0.69,iː,phones,h
0.69,0.76,d,phones,h
0.76,0.88,ɒ,phones,h
0.88,0.95,ɡ,phones,h
0.95,1.05,z,phones,h
1.05,1.08,ɹ,phones,h
1.08,1.15,ɐ,phones,h
1.15,1.2,n,phones,h
1.2,1.26,ɪ,phones,h
1.26,1.31,n,phones,h
1.31,1.35,ð,phones,h
1.35,1.41,ə,phones,h
1.41,1.53,s,phones,h
1.53,1.56,n,phones,h
1.56,1.84,ow,phones,h
