Begin,End,Label,Type,Speaker
0.26,0.8,three,words,h
0.8,1.23,dogs,words,h
1.23,1.38,run,words,h
1.38,1.47,in,words,h
1.47,1.59,the,words,h
1.59,1.97,snow,words,h
0.26,0.48,θ,phones,h
0.48,0.59,ɹ,phones,h
0.59,0.8,iː,phones,h
0.8,0.89,d,phones,h
0.89,1.07,ɒ,phones,h
1.07,1.14,ɡ,phones,h
1.14,1.23,z,phones,h
1.23,1.27,ɹ,phones,h
1.27,1.35,ɐ,phones,h
1.35,1.38,n,phones,h
1.38,1.43,ɪ,phones,h
1.43,1.47,n,phones,h
1.47,1.52,ð,phones,h
1.52,1.59,ə,phones,h
1.59,1.7,s,phones,h
1.7,1.73,n,phones,h
1.73,1.97,ow,phones,h
