Begin,End,Label,Type,Speaker
0.53,0.6,the,words,h
0.6,1.66,motorcyclist,words,h
1.66,2.23,has,words,h
2.23,2.65,reached,words,h
2.65,2.72,the,words,h
2.72,3.23,summit,words,h
0.53,0.57,ð,phones,h
0.57,0.6,ə,phones,h
0.6,0.71,m,phones,h
0.71,0.8,əw,phones,h
0.8,0.89,t,phones,h
0.89,0.96,ə,phones,h
0.96,1.08,s,phones,h
1.08,1.23,aj,phones,h
1.23,1.34,c,phones,h
1.34,1.39,ʎ,phones,h
1.39,1.52,ɪ,phones,h
1.52,1.61,s,phones,h
1.61,1.66,t,phones,h
1.66,1.8,h,phones,h
1.8,2.01,æ,phones,h
2.01,2.23,s,phones,h
2.23,2.38,ɹ,phones,h
2.38,2.46,iː,phones,h
2.46,2.6,tʃ,phones,h
2.6,2.65,t,phones,h
2.65,2.69,ð,phones,h
2.69,2.72,ə,phones,h
2.72,2.75,s,phones,h
2.75,2.78,ɐ,phones,h
2.78,2.81,m,phones,h
2.81,3.04,ɪ,phones,h
3.04,3.23,t,phones,h
