Begin,End,Label,Type,Speaker
0.36,0.51,the,words,h
0.51,1.55,motorcyclist,words,h
1.55,1.84,has,words,h
1.84,2.28,reached,words,h
2.28,2.75,the,words,h
2.75,3.41,summit,words,h
0.36,0.47,ð,phones,h
0.47,0.51,iː,phones,h
0.51,0.62,m,phones,h
0.62,0.7,əw,phones,h
0.7,0.79,t,phones,h
0.79,0.88,ə,phones,h
0.88,1.01,s,phones,h
1.01,1.17,aj,phones,h
1.17,1.26,c,phones,h
1.26,1.32,ʎ,phones,h
1.32,1.44,ɪ,phones,h
1.44,1.5,s,phones,h
1.5,1.55,t,phones,h
1.55,1.6,h,phones,h
1.6,1.67,æ,phones,h
1.67,1.84,z,phones,h
1.84,1.95,ɹ,phones,h
1.95,2.03,iː,phones,h
2.03,2.15,tʃ,phones,h
2.15,2.28,t,phones,h
2.28,2.43,z,phones,h
2.43,2.75,e,phones,h
2.75,2.9,s,phones,h
2.9,2.98,ɐ,phones,h
2.98,3.06,m,phones,h
3.06,3.18,ɪ,phones,h
3.18,3.41,t,phones,h
