Begin,End,Label,Type,Speaker
0.53,0.62,the,words,h
0.62,1.18,children,words,h
1.18,1.8,play,words,h
1.8,1.98,an,words,h
1.98,2.38,indoor,words,h
2.38,2.82,game,words,h
0.53,0.58,ð,phones,h
0.58,0.62,ə,phones,h
0.62,0.75,tʃ,phones,h
0.75,0.82,ɪ,phones,h
0.82,0.87,ɫ,phones,h
0.87,0.92,d,phones,h
0.92,1.04,ɹ,phones,h
1.04,1.18,n̩,phones,h
1.18,1.35,p,phones,h
1.35,1.41,l,phones,h
1.41,1.8,ej,phones,h
1.8,1.93,æ,phones,h
1.93,1.98,n,phones,h
1.98,2.07,ɪ,phones,h
2.07,2.14,n,phones,h
2.14,2.19,d,phones,h
2.19,2.31,ɒ,phones,h
2.31,2.38,ɹ,phones,h
2.38,2.44,ɟ,phones,h
2.44,2.66,ej,phones,h
2.66,2.82,m,phones,h
