Begin,End,Label,Type,Speaker
0.19,0.55,the,words,h
0.55,1.06,children,words,h
1.06,1.4,play,words,h
1.4,1.48,an,words,h
1.48,1.88,indoor,words,h
1.88,2.32,game,words,h
0.19,0.31,z,phones,h
0.31,0.55,i,phones,h
0.55,0.68,tʃ,phones,h
0.68,0.75,ɪ,phones,h
0.75,0.83,ɫ,phones,h
0.83,0.87,d,phones,h
0.87,0.96,ɹ,phones,h
0.96,1.06,n̩,phones,h
1.06,1.16,p,phones,h
1.16,1.2,l,phones,h
1.2,1.4,ej,phones,h
1.4,1.43,æ,phones,h
1.43,1.48,n,phones,h
1.48,1.57,ɪ,phones,h
1.57,1.63,n,phones,h
1.63,1.69,d,phones,h
1.69,1.83,ɒ,phones,h
1.83,1.88,ɹ,phones,h
1.88,1.95,ɟ,phones,h
1.95,2.18,ej,phones,h
2.18,2.32,m,phones,h
