Begin,End,Label,Type,Speaker
0.45,0.69,the,words,h
0.69,1.38,children,words,h
1.38,1.73,play,words,h
1.73,1.85,an,words,h
1.85,2.22,indoor,words,h
2.22,2.65,game,words,h
0.45,0.56,ð,phones,h
0.56,0.69,iː,phones,h
0.69,0.91,tʃ,phones,h
0.91,0.99,ɪ,phones,h
0.99,1.09,ɫ,phones,h
1.09,1.14,d,phones,h
1.14,1.26,ɹ,phones,h
1.26,1.38,n̩,phones,h
1.38,1.53,p,phones,h
1.53,1.56,l,phones,h
1.56,1.73,ej,phones,h
1.73,1.8,æ,phones,h
1.8,1.85,n,phones,h
1.85,1.92,ɪ,phones,h
1.92,1.99,n,phones,h
1.99,2.04,d,phones,h
2.04,2.16,ɒ,phones,h
2.16,2.22,ɹ,phones,h
2.22,2.28,ɟ,phones,h
2.28,2.49,ej,phones,h
2.49,2.65,m,phones,h
