Begin,End,Label,Type,Speaker
0.41,0.87,children,words,h
0.87,1.29,in,words,h
1.29,2.05,uniforms,words,h
2.05,2.42,chase,words,h
2.42,3.04,pigeons,words,h
0.41,0.52,tʃ,phones,h
0.52,0.58,ɪ,phones,h
0.58,0.62,ɫ,phones,h
0.62,0.71,d,phones,h
0.71,0.8,ɹ,phones,h
0.8,0.87,n̩,phones,h
0.87,1.01,ʔ,phones,h
1.01,1.14,ɪ,phones,h
1.14,1.29,n,phones,h
1.29,1.41,j,phones,h
1.41,1.48,ʉː,phones,h
1.48,1.52,ɲ,phones,h
1.52,1.6,ɪ,phones,h
1.6,1.71,f,phones,h
1.71,1.85,ɒː,phones,h
1.85,1.93,m,phones,h
1.93,2.05,z,phones,h
2.05,2.15,tʃ,phones,h
2.15,2.31,ej,phones,h
2.31,2.42,s,phones,h
2.42,2.5,pʰ,phones,h
2.5,2.55,ɪ,phones,h
2.55,2.66,dʒ,phones,h
2.66,2.75,ɪ,phones,h
2.75,2.86,n,phones,h
2.86,3.04,z,phones,h
