Begin,End,Label,Type,Speaker
0.38,0.83,children,words,h
0.83,1.26,in,words,h
1.26,2.0,uniforms,words,h
2.0,2.44,chase,words,h
2.44,3.07,pigeons,words,h
0.38,0.5,tʃ,phones,h
0.5,0.57,ɪ,phones,h
0.57,0.62,ɫ,phones,h
0.62,0.67,d,phones,h
0.67,0.75,ɹ,phones,h
0.75,0.83,n̩,phones,h
0.83,0.96,ʔ,phones,h
0.96,1.13,ɪ,phones,h
1.13,1.26,n,phones,h
1.26,1.38,j,phones,h
1.38,1.44,ʉː,phones,h
1.44,1.48,ɲ,phones,h
1.48,1.54,ɪ,phones,h
1.54,1.67,f,phones,h
1.67,1.81,ɒː,phones,h
1.81,1.9,m,phones,h
1.9,2.0,z,phones,h
2.0,2.14,tʃ,phones,h
2.14,2.31,ej,phones,h
2.31,2.44,s,phones,h
2.44,2.52,pʰ,phones,h
2.52,2.57,ɪ,phones,h
2.57,2.69,dʒ,phones,h
2.69,2.76,ɪ,phones,h
2.76,2.9,n,phones,h
2.9,3.07,z,phones,h
