Begin,End,Label,Type,Speaker
0.23,0.75,children,words,h
0.75,0.91,in,words,h
0.91,1.55,uniforms,words,h
1.55,1.94,chase,words,h
1.94,2.57,pigeons,words,h
0.23,0.37,tʃ,phones,h
0.37,0.44,ɪ,phones,h
0.44,0.53,ɫ,phones,h
0.53,0.58,d,phones,h
0.58,0.7,ɹ,phones,h
0.7,0.75,n̩,phones,h
0.75,0.84,ɪ,phones,h
0.84,0.91,n,phones,h
0.91,0.97,j,phones,h
0.97,1.04,ʉː,phones,h
1.04,1.08,ɲ,phones,h
1.08,1.14,ɪ,phones,h
1.14,1.27,f,phones,h
1.27,1.34,ɒː,phones,h
1.34,1.44,m,phones,h
1.44,1.55,z,phones,h
1.55,1.66,tʃ,phones,h
1.66,1.83,ej,phones,h
1.83,1.94,s,phones,h
1.94,2.02,pʰ,phones,h
2.02,2.08,ɪ,phones,h
2.08,2.16,dʒ,phones,h
2.16,2.27,ə,phones,h
2.27,2.39,n,phones,h
2.39,2.57,z,phones,h
