Begin,End,Label,Type,Speaker
0.16,0.28,a,words,h
0.28,0.8,dog,words,h
0.8,1.25,chases,words,h
1.25,1.31,a,words,h
1.31,1.56,red,words,h
1.56,1.91,ball,words,h
0.16,0.28,ə,phones,h
0.28,0.46,d,phones,h
0.46,0.72,ɒ,phones,h
0.72,0.8,ɡ,phones,h
0.8,0.94,tʃ,phones,h
0.94,1.04,ej,phones,h
1.04,1.11,s,phones,h
1.11,1.16,ɪ,phones,h
1.16,1.25,z,phones,h
1.25,1.31,ə,phones,h
1.31,1.39,ɹ,phones,h
1.39,1.49,ɛ,phones,h
1.49,1.56,d,phones,h
1.56,1.61,b,phones,h
1.61,1.68,ɒː,phones,h
1.68,1.91,ɫ,phones,h
