Begin,End,Label,Type,Speaker
0.11,0.37,a,words,h
0.37,0.75,dog,words,h
0.75,1.19,chases,words,h
1.19,1.28,a,words,h
1.28,1.52,red,words,h
1.52,1.84,ball,words,h
0.11,0.37,ej,phones,h
0.37,0.49,d,phones,h
0.49,0.66,ɒ,phones,h
0.66,0.75,ɡ,phones,h
0.75,0.85,tʃ,phones,h
0.85,0.98,ej,phones,h
0.98,1.07,s,phones,h
1.07,1.1,ɪ,phones,h
1.1,1.19,z,phones,h
1.19,1.28,ə,phones,h
1.28,1.36,ɹ,phones,h
1.36,1.44,ɛ,phones,h
1.44,1.52,d,phones,h
1.52,1.56,b,phones,h
1.56,1.61,ɒː,phones,h
1.61,1.84,ɫ,phones,h
