Begin,End,Label,Type,Speaker
0.44,0.52,a,words,h
0.52,0.99,lady,words,h
0.99,1.35,is,words,h
1.35,1.85,swinging,words,h
1.85,1.97,and,words,h
1.97,2.63,smiling,words,h
0.44,0.52,ə,phones,h
0.52,0.63,l,phones,h
0.63,0.79,ej,phones,h
0.79,0.82,dʲ,phones,h
0.82,0.99,i,phones,h
0.99,1.3,ɪ,phones,h
1.3,1.35,z,phones,h
1.35,1.48,s,phones,h
1.48,1.53,w,phones,h
1.53,1.61,ɪ,phones,h
1.61,1.69,ŋ,phones,h
1.69,1.76,ɪ,phones,h
1.76,1.85,ŋ,phones,h
1.85,1.89,æ,phones,h
1.89,1.97,n,phones,h
1.97,2.07,s,phones,h
2.07,2.15,m,phones,h
2.15,2.29,aj,phones,h
2.29,2.36,ʎ,phones,h
2.36,2.45,ɪ,phones,h
2.45,2.63,ŋ,phones,h
