Begin,End,Label,Type,Speaker
0.59,0.67,a,words,h
0.67,1.1,lady,words,h
1.1,1.19,is,words,h
1.19,1.81,swinging,words,h
1.86,2.24,and,words,h
2.24,2.92,smiling,words,h
0.59,0.67,ə,phones,h
0.67,0.78,l,phones,h
0.78,0.92,ej,phones,h
0.92,0.95,dʲ,phones,h
0.95,1.1,i,phones,h
1.1,1.14,ɪ,phones,h
1.14,1.19,z,phones,h
1.19,1.28,s,phones,h
1.28,1.32,w,phones,h
1.32,1.42,ɪ,phones,h
1.42,1.51,ŋ,phones,h
1.51,1.65,ɪ,phones,h
1.65,1.81,ŋ,phones,h
1.86,1.9,ʔ,phones,h
1.9,2.08,æ,phones,h
2.08,2.19,n,phones,h
2.19,2.24,d,phones,h
2.24,2.36,s,phones,h
2.36,2.45,m,phones,h
2.45,2.59,aj,phones,h
2.59,2.66,ʎ,phones,h
2.66,2.74,ɪ,phones,h
2.74,2.92,ŋ,phones,h
