Begin,End,Label,Type,Speaker
0.53,0.61,a,words,h
0.61,1.02,lady,words,h
1.02,1.15,is,words,h
1.15,1.7,swinging,words,h
1.7,1.85,and,words,h
1.85,2.56,smiling,words,h
0.53,0.61,æ,phones,h
0.61,0.72,l,phones,h
0.72,0.86,ej,phones,h
0.86,0.9,dʲ,phones,h
0.9,1.02,i,phones,h
1.02,1.1,ɪ,phones,h
1.1,1.15,z,phones,h
1.15,1.25,s,phones,h
1.25,1.3,w,phones,h
1.3,1.39,ɪ,phones,h
1.39,1.47,ŋ,phones,h
1.47,1.6,ɪ,phones,h
1.6,1.7,ŋ,phones,h
1.7,1.74,æ,phones,h
1.74,1.8,n,phones,h
1.8,1.85,d,phones,h
1.85,1.95,s,phones,h
1.95,2.01,m,phones,h
2.01,2.18,aj,phones,h
2.18,2.26,ʎ,phones,h
2.26,2.37,ɪ,phones,h
2.37,2.56,ŋ,phones,h
