Begin,End,Label,Type,Speaker
0.1,0.25,a,words,h
0.25,1.16,snowboarder,words,h
1.16,1.64,crashes,words,h
1.64,1.88,into,words,h
1.88,2.34,another,words,h
0.1,0.25,ej,phones,h
0.25,0.41,s,phones,h
0.41,0.52,n,phones,h
0.52,0.7,əw,phones,h
0.7,0.83,b,phones,h
0.83,0.97,ɒː,phones,h
0.97,1.01,d,phones,h
1.01,1.16,ə,phones,h
1.16,1.29,c,phones,h
1.29,1.35,ɹ,phones,h
1.35,1.4,æ,phones,h
1.4,1.5,ʃ,phones,h
1.5,1.53,ɪ,phones,h
1.53,1.64,z,phones,h
1.64,1.68,ɪ,phones,h
1.68,1.74,n,phones,h
1.74,1.84,tʰ,phones,h
1.84,1.88,ʉ,phones,h
1.88,1.95,ə,phones,h
1.95,2.0,n,phones,h
2.0,2.11,ɐ,phones,h
2.11,2.16,v,phones,h
2.16,2.34,ə,phones,h
