Begin,End,Label,Type,Speaker
0.55,0.62,a,words,h
0.62,1.31,snowboarder,words,h
1.31,1.87,crashes,words,h
1.87,2.34,into,words,h
2.34,2.9,another,words,h
0.55,0.62,ə,phones,h
0.62,0.75,s,phones,h
0.75,0.8,n,phones,h
0.8,0.93,ow,phones,h
0.93,1.03,b,phones,h
1.03,1.14,ɒ,phones,h
1.14,1.19,ɹ,phones,h
1.19,1.2,ɾ,phones,h
1.2,1.31,ɚ,phones,h
1.31,1.45,c,phones,h
1.45,1.5,ɹ,phones,h
1.5,1.54,æ,phones,h
1.54,1.68,ʃ,phones,h
1.68,1.73,ɪ,phones,h
1.73,1.87,z,phones,h
1.87,1.94,ɪ,phones,h
1.94,2.03,n,phones,h
2.03,2.15,tʰ,phones,h
2.15,2.34,ʉ,phones,h
2.34,2.39,æ,phones,h
2.39,2.5,n,phones,h
2.5,2.61,ɐ,phones,h
2.61,2.68,v,phones,h
2.68,2.9,ə,phones,h
