Begin,End,Label,Type,Speaker
0.16,0.33,a,words,h
0.33,0.8,person,words,h
0.8,1.28,skis,words,h
1.28,1.44,with,words,h
1.44,1.59,their,words,h
1.59,2.05,dog,words,h
0.16,0.33,ə,phones,h
0.33,0.42,pʰ,phones,h
0.42,0.55,ɜː,phones,h
0.55,0.66,s,phones,h
0.66,0.7,ə,phones,h
0.7,0.8,n,phones,h
0.8,0.91,s,phones,h
0.91,1.01,c,phones,h
1.01,1.15,iː,phones,h
1.15,1.28,z,phones,h
1.28,1.34,w,phones,h
1.34,1.39,ɪ,phones,h
1.39,1.44,θ,phones,h
1.44,1.48,ð,phones,h
1.48,1.54,ɛ,phones,h
1.54,1.59,ɹ,phones,h
1.59,1.69,d,phones,h
1.69,1.89,ɒ,phones,h
1.89,2.05,ɡ,phones,h
