Begin,End,Label,Type,Speaker
0.27,0.55,a,words,h
0.55,1.1,person,words,h
1.1,1.51,skis,words,h
1.51,1.64,with,words,h
1.64,1.79,their,words,h
1.79,2.19,dog,words,h
0.27,0.55,ej,phones,h
0.55,0.71,pʰ,phones,h
0.71,0.85,ɝ,phones,h
0.85,0.97,s,phones,h
0.97,1.01,ə,phones,h
1.01,1.1,n,phones,h
1.1,1.2,s,phones,h
1.2,1.29,c,phones,h
1.29,1.41,i,phones,h
1.41,1.51,z,phones,h
1.51,1.56,w,phones,h
1.56,1.61,ɪ,phones,h
1.61,1.64,θ,phones,h
1.64,1.68,ð,phones,h
1.68,1.73,ɛ,phones,h
1.73,1.79,ɹ,phones,h
1.79,1.89,d,phones,h
1.89,2.08,ɒ,phones,h
2.08,2.19,ɡ,phones,h
