Begin,End,Label,Type,Speaker
0.26,0.5,a,words,h
0.5,0.98,child,words,h
0.98,1.38,plays,words,h
1.38,1.46,on,words,h
1.46,1.58,the,words,h
1.58,2.05,dirt,words,h
0.26,0.5,ej,phones,h
0.5,0.68,tʃ,phones,h
0.68,0.85,aj,phones,h
0.85,0.93,ɫ,phones,h
0.93,0.98,d,phones,h
0.98,1.09,p,phones,h
1.09,1.13,l,phones,h
1.13,1.27,ej,phones,h
1.27,1.38,z,phones,h
1.38,1.43,ə,phones,h
1.43,1.46,n,phones,h
1.46,1.5,ð,phones,h
1.5,1.58,ə,phones,h
1.58,1.64,d,phones,h
1.64,1.85,ɝ,phones,h
1.85,2.05,t,phones,h
