Begin,End,Label,Type,Speaker
0.28,0.36,a,words,h
0.36,0.88,child,words,h
0.88,1.28,plays,words,h
1.28,1.41,on,words,h
1.41,1.55,the,words,h
1.55,2.03,dirt,words,h
0.28,0.36,ə,phones,h
0.36,0.52,tʃ,phones,h
0.52,0.74,aj,phones,h
0.74,0.81,ɫ,phones,h
0.81,0.88,d,phones,h
0.88,0.97,p,phones,h
0.97,1.03,l,phones,h
1.03,1.19,ej,phones,h
1.19,1.28,z,phones,h
1.28,1.37,ɒ,phones,h
1.37,1.41,n,phones,h
1.41,1.45,ð,phones,h
1.45,1.55,ə,phones,h
1.55,1.61,d,phones,h
1.61,1.84,ɜː,phones,h
1.84,2.03,t,phones,h
