Begin,End,Label,Type,Speaker
0.19,0.28,a,words,h
0.28,0.79,young,words,h
0.79,1.06,girl,words,h
1.06,1.24,is,words,h
1.24,1.47,rock,words,h
1.47,1.98,climbing,words,h
0.19,0.28,ej,phones,h
0.28,0.46,j,phones,h
0.46,0.68,ɐ,phones,h
0.68,0.79,ŋ,phones,h
0.79,0.86,ɡ,phones,h
0.86,1.03,ɜː,phones,h
1.03,1.06,ɫ,phones,h
1.06,1.11,ɪ,phones,h
1.11,1.24,z,phones,h
1.24,1.3,ɹ,phones,h
1.3,1.38,ɒ,phones,h
1.38,1.47,k,phones,h
1.47,1.53,k,phones,h
1.53,1.56,l,phones,h
1.56,1.66,aj,phones,h
1.66,1.73,m,phones,h
1.73,1.83,ɪ,phones,h
1.83,1.98,ŋ,phones,h
