Begin,End,Label,Type,Speaker
0.45,0.73,girl,words,h
0.73,1.07,jumps,words,h
1.07,1.3,from,words,h
1.3,1.78,couch,words,h
1.82,2.15,to,words,h
2.15,2.75,couch,words,h
0.45,0.53,ɟ,phones,h
0.53,0.61,ɛː,phones,h
0.61,0.73,ɫ,phones,h
0.73,0.83,dʒ,phones,h
0.83,0.97,ɐ,phones,h
0.97,1.01,m,phones,h
1.01,1.04,p,phones,h
1.04,1.07,s,phones,h
1.07,1.17,f,phones,h
1.17,1.2,ɹ,phones,h
1.2,1.24,ɐ,phones,h
1.24,1.3,m,phones,h
1.3,1.43,kʰ,phones,h
1.43,1.62,aw,phones,h
1.62,1.78,tʃ,phones,h
1.82,1.93,tʰ,phones,h
1.93,2.15,ʉː,phones,h
2.15,2.3,kʰ,phones,h
2.3,2.47,aw,phones,h
2.47,2.75,tʃ,phones,h
