Begin,End,Label,Type,Speaker
0.33,0.58,girl,words,h
0.58,0.97,jumps,words,h
0.97,1.49,from,words,h
1.49,1.93,couch,words,h
1.93,2.04,to,words,h
2.04,2.62,couch,words,h
0.33,0.41,ɡ,phones,h
0.41,0.46,ɜː,phones,h
0.46,0.58,ɫ,phones,h
0.58,0.69,dʒ,phones,h
0.69,0.82,ɐ,phones,h
0.82,0.9,m,phones,h
0.9,0.93,p,phones,h
0.93,0.97,s,phones,h
0.97,1.17,f,phones,h
1.17,1.25,ɹ,phones,h
1.25,1.35,ɒ,phones,h
1.35,1.49,m,phones,h
1.49,1.62,kʰ,phones,h
1.62,1.77,aw,phones,h
1.77,1.93,tʃ,phones,h
1.93,1.99,t,phones,h
1.99,2.04,ə,phones,h
2.04,2.14,kʰ,phones,h
2.14,2.33,aw,phones,h
2.33,2.62,tʃ,phones,h
