Begin,End,Label,Type,Speaker
0.24,0.63,girl,words,h
0.63,0.96,jumps,words,h
0.96,1.18,from,words,h
1.18,1.59,couch,words,h
1.59,1.71,to,words,h
1.71,2.26,couch,words,h
0.24,0.33,ɡ,phones,h
0.33,0.45,ɜː,phones,h
0.45,0.63,ɫ,phones,h
0.63,0.72,dʒ,phones,h
0.72,0.84,ɐ,phones,h
0.84,0.9,m,phones,h
0.9,0.93,p,phones,h
0.93,0.96,s,phones,h
0.96,1.05,f,phones,h
1.05,1.08,ɹ,phones,h
1.08,1.12,ɐ,phones,h
1.12,1.18,m,phones,h
1.18,1.3,kʰ,phones,h
1.3,1.44,aw,phones,h
1.44,1.59,tʃ,phones,h
1.59,1.65,t,phones,h
1.65,1.71,ə,phones,h
1.71,1.85,kʰ,phones,h
1.85,2.02,aw,phones,h
2.02,2.26,tʃ,phones,h
