Begin,End,Label,Type,Speaker
0.68,0.84,a,words,c
0.84,1.2,dog,words,c
1.2,1.82,retrieves,words,c
1.82,1.95,a,words,c
1.95,2.42,golf,words,c
2.42,2.78,ball,words,c
0.68,0.84,ej,phones,c
0.84,0.94,d,phones,c
0.94,1.07,ɒ,phones,c
1.07,1.2,ɡ,phones,c
1.2,1.28,ɹ,phones,c
1.28,1.32,i,phones,c
1.32,1.46,t,phones,c
1.46,1.52,ɹ,phones,c
1.52,1.67,iː,phones,c
1.67,1.75,v,phones,c
1.75,1.82,z,phones,c
1.82,1.95,ə,phones,c
1.95,2.05,ɡ,phones,c
2.05,2.15,ɑ,phones,c
2.15,2.24,ɫ,phones,c
2.24,2.42,f,phones,c
2.42,2.47,b,phones,c
2.47,2.52,ɒː,phones,c
2.52,2.78,ɫ,phones,c
