Begin,End,Label,Type,Speaker
1.3,1.4,a,words,c
1.4,1.71,dog,words,c
1.71,2.35,retrieves,words,c
2.41,2.73,a,words,c
2.76,3.18,golf,words,c
3.18,3.56,ball,words,c
1.3,1.4,ə,phones,c
1.4,1.5,d,phones,c
1.5,1.62,ɒ,phones,c
1.62,1.71,ɡ,phones,c
1.71,1.82,ɹ,phones,c
1.82,1.88,i,phones,c
1.88,2.0,t,phones,c
2.0,2.05,ɹ,phones,c
2.05,2.19,iː,phones,c
2.19,2.26,v,phones,c
2.26,2.35,z,phones,c
2.41,2.73,ej,phones,c
2.76,2.83,ɡ,phones,c
2.83,2.91,ɑ,phones,c
2.91,3.01,ɫ,phones,c
3.01,3.18,f,phones,c
3.18,3.24,b,phones,c
3.24,3.4,ɒː,phones,c
3.4,3.56,ɫ,phones,c
