Begin,End,Label,Type,Speaker
0.8,0.91,a,words,c
0.91,1.26,dog,words,c
1.26,1.83,retrieves,words,c
1.83,2.05,a,words,c
2.05,2.65,golf,words,c
2.65,3.15,ball,words,c
0.8,0.91,ə,phones,c
0.91,1.0,d,phones,c
1.0,1.13,ɒ,phones,c
1.13,1.26,ɡ,phones,c
1.26,1.33,ɹ,phones,c
1.33,1.37,ɪ,phones,c
1.37,1.5,t,phones,c
1.5,1.55,ɹ,phones,c
1.55,1.71,i,phones,c
1.71,1.77,v,phones,c
1.77,1.83,z,phones,c
1.83,2.05,ə,phones,c
2.05,2.12,ɡ,phones,c
2.12,2.3,ɒ,phones,c
2.3,2.34,ɫ,phones,c
2.34,2.65,f,phones,c
2.65,2.69,b,phones,c
2.69,2.91,ɒː,phones,c
2.91,3.15,ɫ,phones,c
