Begin,End,Label,Type,Speaker
0.98,1.2,a,words,c
1.2,1.71,dog,words,c
1.84,2.39,retrieves,words,c
2.39,2.46,a,words,c
2.46,2.89,golf,words,c
2.89,3.23,ball,words,c
0.98,1.2,ej,phones,c
1.2,1.33,d,phones,c
1.33,1.54,ɒ,phones,c
1.54,1.71,ɡ,phones,c
1.84,1.93,ɹ,phones,c
1.93,1.96,i,phones,c
1.96,2.09,t,phones,c
2.09,2.15,ɹ,phones,c
2.15,2.24,iː,phones,c
2.24,2.32,v,phones,c
2.32,2.39,z,phones,c
2.39,2.46,ə,phones,c
2.46,2.53,ɡ,phones,c
2.53,2.66,ɒ,phones,c
2.66,2.71,ɫ,phones,c
2.71,2.89,f,phones,c
2.89,2.94,b,phones,c
2.94,3.03,ɒː,phones,c
3.03,3.23,ɫ,phones,c
