Begin,End,Label,Type,Speaker
0.97,1.09,a,words,c
1.09,1.48,dog,words,c
1.48,2.26,retrieves,words,c
2.26,2.42,a,words,c
2.42,2.88,golf,words,c
2.88,3.35,ball,words,c
0.97,1.09,ə,phones,c
1.09,1.19,d,phones,c
1.19,1.31,ɒ,phones,c
1.31,1.48,ɡ,phones,c
1.48,1.53,ɹ,phones,c
1.53,1.58,i,phones,c
1.58,1.75,t,phones,c
1.75,1.81,ɹ,phones,c
1.81,2.07,iː,phones,c
2.07,2.17,v,phones,c
2.17,2.26,z,phones,c
2.26,2.42,ə,phones,c
2.42,2.5,ɡ,phones,c
2.5,2.56,ɑ,phones,c
2.56,2.7,ɫ,phones,c
2.7,2.88,f,phones,c
2.88,2.93,b,phones,c
2.93,3.12,ɒː,phones,c
3.12,3.35,ɫ,phones,c
