Begin,End,Label,Type,Speaker
0.94,1.04,a,words,c
1.04,1.68,person,words,c
1.68,2.19,walks,words,c
2.19,2.48,near,words,c
2.48,2.53,a,words,c
2.53,3.21,fence,words,c
0.94,1.04,æ,phones,c
1.04,1.23,pʰ,phones,c
1.23,1.39,ɜː,phones,c
1.39,1.55,s,phones,c
1.55,1.61,ə,phones,c
1.61,1.68,n,phones,c
1.68,1.89,w,phones,c
1.89,2.01,ɒ,phones,c
2.01,2.09,k,phones,c
2.09,2.19,s,phones,c
2.19,2.25,ɲ,phones,c
2.25,2.37,ɪ,phones,c
2.37,2.48,ɹ,phones,c
2.48,2.53,ə,phones,c
2.53,2.65,f,phones,c
2.65,2.78,ɛ,phones,c
2.78,2.92,n,phones,c
2.92,3.21,s,phones,c
