Begin,End,Label,Type,Speaker
1.03,1.12,a,words,c
1.12,1.64,person,words,c
1.64,2.02,walks,words,c
2.02,2.6,near,words,c
2.6,2.63,a,words,c
2.63,3.28,fence,words,c
1.03,1.12,ə,phones,c
1.12,1.25,pʰ,phones,c
1.25,1.39,ɜː,phones,c
1.39,1.51,s,phones,c
1.51,1.55,ə,phones,c
1.55,1.64,n,phones,c
1.64,1.7,w,phones,c
1.7,1.88,ɒ,phones,c
1.88,1.95,k,phones,c
1.95,2.02,s,phones,c
2.02,2.14,ɲ,phones,c
2.14,2.28,ɪ,phones,c
2.28,2.6,ə,phones,c
2.6,2.63,ə,phones,c
2.63,2.74,f,phones,c
2.74,2.85,ɛ,phones,c
2.85,2.98,n,phones,c
2.98,3.28,s,phones,c
