Begin,End,Label,Type,Speaker
1.05,1.16,a,words,c
1.16,1.74,person,words,c
1.74,2.13,walks,words,c
2.13,2.48,near,words,c
2.48,2.53,a,words,c
2.53,3.23,fence,words,c
1.05,1.16,ə,phones,c
1.16,1.3,pʰ,phones,c
1.3,1.44,ɜː,phones,c
1.44,1.57,s,phones,c
1.57,1.63,ə,phones,c
1.63,1.74,n,phones,c
1.74,1.8,w,phones,c
1.8,1.96,ɒ,phones,c
1.96,2.06,k,phones,c
2.06,2.13,s,phones,c
2.13,2.22,ɲ,phones,c
2.22,2.37,ɪ,phones,c
2.37,2.48,ɹ,phones,c
2.48,2.53,ə,phones,c
2.53,2.68,f,phones,c
2.68,2.8,ɛ,phones,c
2.8,2.93,n,phones,c
2.93,3.23,s,phones,c
