Begin,End,Label,Type,Speaker
1.29,1.43,a,words,c
1.43,2.02,person,words,c
2.02,2.59,walks,words,c
2.59,2.92,near,words,c
2.92,2.97,a,words,c
2.97,3.66,fence,words,c
1.29,1.43,ə,phones,c
1.43,1.57,pʰ,phones,c
1.57,1.73,ɜː,phones,c
1.73,1.85,s,phones,c
1.85,1.89,ə,phones,c
1.89,2.02,n,phones,c
2.02,2.13,w,phones,c
2.13,2.39,ɒ,phones,c
2.39,2.49,k,phones,c
2.49,2.59,s,phones,c
2.59,2.68,ɲ,phones,c
2.68,2.81,ɪ,phones,c
2.81,2.92,ɹ,phones,c
2.92,2.97,ə,phones,c
2.97,3.1,f,phones,c
3.1,3.22,ɛ,phones,c
3.22,3.36,n,phones,c
3.36,3.66,s,phones,c
