Begin,End,Label,Type,Speaker
0.79,0.89,a,words,c
0.89,1.42,person,words,c
1.42,1.84,walks,words,c
1.84,2.14,near,words,c
2.14,2.27,a,words,c
2.27,3.02,fence,words,c
0.79,0.89,ə,phones,c
0.89,1.03,pʰ,phones,c
1.03,1.16,ɝ,phones,c
1.16,1.28,s,phones,c
1.28,1.32,ə,phones,c
1.32,1.42,n,phones,c
1.42,1.5,w,phones,c
1.5,1.69,ɒ,phones,c
1.69,1.75,k,phones,c
1.75,1.84,s,phones,c
1.84,1.9,ɲ,phones,c
1.9,2.07,ɪ,phones,c
2.07,2.14,ɹ,phones,c
2.14,2.27,æ,phones,c
2.27,2.44,f,phones,c
2.44,2.56,ɛ,phones,c
2.56,2.71,n,phones,c
2.71,3.02,s,phones,c
